/*
 Navicat Premium Data Transfer

 Source Server         : my
 Source Server Type    : MySQL
 Source Server Version : 80021
 Source Host           : localhost:3306
 Source Schema         : distribute

 Target Server Type    : MySQL
 Target Server Version : 80021
 File Encoding         : 65001

 Date: 29/01/2021 18:16:24
*/

SET NAMES utf8mb4;
SET FOREIGN_KEY_CHECKS = 0;

-- ----------------------------
-- Table structure for act_evt_log
-- ----------------------------
DROP TABLE IF EXISTS `act_evt_log`;
CREATE TABLE `act_evt_log`  (
  `LOG_NR_` bigint NOT NULL AUTO_INCREMENT,
  `TYPE_` varchar(64) CHARACTER SET utf8 COLLATE utf8_bin NULL DEFAULT NULL,
  `PROC_DEF_ID_` varchar(64) CHARACTER SET utf8 COLLATE utf8_bin NULL DEFAULT NULL,
  `PROC_INST_ID_` varchar(64) CHARACTER SET utf8 COLLATE utf8_bin NULL DEFAULT NULL,
  `EXECUTION_ID_` varchar(64) CHARACTER SET utf8 COLLATE utf8_bin NULL DEFAULT NULL,
  `TASK_ID_` varchar(64) CHARACTER SET utf8 COLLATE utf8_bin NULL DEFAULT NULL,
  `TIME_STAMP_` timestamp(3) NOT NULL,
  `USER_ID_` varchar(255) CHARACTER SET utf8 COLLATE utf8_bin NULL DEFAULT NULL,
  `DATA_` longblob NULL,
  `LOCK_OWNER_` varchar(255) CHARACTER SET utf8 COLLATE utf8_bin NULL DEFAULT NULL,
  `LOCK_TIME_` timestamp(3) NULL DEFAULT NULL,
  `IS_PROCESSED_` tinyint NULL DEFAULT 0,
  PRIMARY KEY (`LOG_NR_`) USING BTREE
) ENGINE = InnoDB CHARACTER SET = utf8 COLLATE = utf8_bin ROW_FORMAT = DYNAMIC;

-- ----------------------------
-- Records of act_evt_log
-- ----------------------------

-- ----------------------------
-- Table structure for act_ge_bytearray
-- ----------------------------
DROP TABLE IF EXISTS `act_ge_bytearray`;
CREATE TABLE `act_ge_bytearray`  (
  `ID_` varchar(64) CHARACTER SET utf8 COLLATE utf8_bin NOT NULL,
  `REV_` int NULL DEFAULT NULL,
  `NAME_` varchar(255) CHARACTER SET utf8 COLLATE utf8_bin NULL DEFAULT NULL,
  `DEPLOYMENT_ID_` varchar(64) CHARACTER SET utf8 COLLATE utf8_bin NULL DEFAULT NULL,
  `BYTES_` longblob NULL,
  `GENERATED_` tinyint NULL DEFAULT NULL,
  PRIMARY KEY (`ID_`) USING BTREE,
  INDEX `ACT_FK_BYTEARR_DEPL`(`DEPLOYMENT_ID_`) USING BTREE,
  CONSTRAINT `ACT_FK_BYTEARR_DEPL` FOREIGN KEY (`DEPLOYMENT_ID_`) REFERENCES `act_re_deployment` (`ID_`) ON DELETE RESTRICT ON UPDATE RESTRICT
) ENGINE = InnoDB CHARACTER SET = utf8 COLLATE = utf8_bin ROW_FORMAT = DYNAMIC;

-- ----------------------------
-- Records of act_ge_bytearray
-- ----------------------------
INSERT INTO `act_ge_bytearray` VALUES ('2', 1, 'D:\\distribute\\target\\classes\\processes\\leave.bpmn', '1', 0x3C3F786D6C2076657273696F6E3D22312E302220656E636F64696E673D225554462D3822207374616E64616C6F6E653D22796573223F3E0D0A3C646566696E6974696F6E7320786D6C6E733D22687474703A2F2F7777772E6F6D672E6F72672F737065632F42504D4E2F32303130303532342F4D4F44454C2220786D6C6E733A61637469766974693D22687474703A2F2F61637469766974692E6F72672F62706D6E2220786D6C6E733A62706D6E64693D22687474703A2F2F7777772E6F6D672E6F72672F737065632F42504D4E2F32303130303532342F44492220786D6C6E733A64633D22687474703A2F2F7777772E6F6D672E6F72672F737065632F44442F32303130303532342F44432220786D6C6E733A64693D22687474703A2F2F7777772E6F6D672E6F72672F737065632F44442F32303130303532342F44492220786D6C6E733A7873643D22687474703A2F2F7777772E77332E6F72672F323030312F584D4C536368656D612220786D6C6E733A7873693D22687474703A2F2F7777772E77332E6F72672F323030312F584D4C536368656D612D696E7374616E6365222065787072657373696F6E4C616E67756167653D22687474703A2F2F7777772E77332E6F72672F313939392F5850617468222069643D226D3135353331343931363438393322206E616D653D2222207461726765744E616D6573706163653D22687474703A2F2F7777772E61637469766974692E6F72672F746573746D313535333134393136343839332220747970654C616E67756167653D22687474703A2F2F7777772E77332E6F72672F323030312F584D4C536368656D61223E0D0A20203C70726F636573732069643D226D7950726F636573735F3122206973436C6F7365643D2266616C73652220697345786563757461626C653D2274727565222070726F63657373547970653D224E6F6E65223E0D0A202020203C73746172744576656E742069643D225F3222206E616D653D2253746172744576656E74222F3E0D0A202020203C757365725461736B2061637469766974693A6578636C75736976653D2274727565222069643D225F3322206E616D653D22E8AFB7E58187E794B3E8AFB7222F3E0D0A202020203C757365725461736B2061637469766974693A6578636C75736976653D2274727565222069643D225F3422206E616D653D22E983A8E997A8E7BB8FE79086E5AEA1E689B9222F3E0D0A202020203C656E644576656E742069643D225F3522206E616D653D22456E644576656E74222F3E0D0A202020203C757365725461736B2061637469766974693A6578636C75736976653D2274727565222069643D225F3622206E616D653D22E983A8E997A8E4B8BBE7AEA1E5AEA1E689B9222F3E0D0A202020203C73657175656E6365466C6F772069643D225F372220736F757263655265663D225F3222207461726765745265663D225F33222F3E0D0A202020203C73657175656E6365466C6F772069643D225F382220736F757263655265663D225F3322207461726765745265663D225F34222F3E0D0A202020203C73657175656E6365466C6F772069643D225F392220736F757263655265663D225F3422207461726765745265663D225F36222F3E0D0A202020203C73657175656E6365466C6F772069643D225F31302220736F757263655265663D225F3622207461726765745265663D225F35222F3E0D0A20203C2F70726F636573733E0D0A20203C62706D6E64693A42504D4E4469616772616D20646F63756D656E746174696F6E3D226261636B67726F756E643D234646464646463B636F756E743D313B686F72697A6F6E74616C636F756E743D313B6F7269656E746174696F6E3D303B77696474683D3834322E343B6865696768743D313139352E323B696D61676561626C6557696474683D3833322E343B696D61676561626C654865696768743D313138352E323B696D61676561626C65583D352E303B696D61676561626C65593D352E30222069643D224469616772616D2D5F3122206E616D653D224E6577204469616772616D223E0D0A202020203C62706D6E64693A42504D4E506C616E652062706D6E456C656D656E743D226D7950726F636573735F31223E0D0A2020202020203C62706D6E64693A42504D4E53686170652062706D6E456C656D656E743D225F32222069643D2253686170652D5F32223E0D0A20202020202020203C64633A426F756E6473206865696768743D2233322E30222077696474683D2233322E302220783D223438302E302220793D2233352E30222F3E0D0A20202020202020203C62706D6E64693A42504D4E4C6162656C3E0D0A202020202020202020203C64633A426F756E6473206865696768743D2233322E30222077696474683D2233322E302220783D22302E302220793D22302E30222F3E0D0A20202020202020203C2F62706D6E64693A42504D4E4C6162656C3E0D0A2020202020203C2F62706D6E64693A42504D4E53686170653E0D0A2020202020203C62706D6E64693A42504D4E53686170652062706D6E456C656D656E743D225F33222069643D2253686170652D5F33223E0D0A20202020202020203C64633A426F756E6473206865696768743D2235352E30222077696474683D2238352E302220783D223435352E302220793D223132352E30222F3E0D0A20202020202020203C62706D6E64693A42504D4E4C6162656C3E0D0A202020202020202020203C64633A426F756E6473206865696768743D2235352E30222077696474683D2238352E302220783D22302E302220793D22302E30222F3E0D0A20202020202020203C2F62706D6E64693A42504D4E4C6162656C3E0D0A2020202020203C2F62706D6E64693A42504D4E53686170653E0D0A2020202020203C62706D6E64693A42504D4E53686170652062706D6E456C656D656E743D225F34222069643D2253686170652D5F34223E0D0A20202020202020203C64633A426F756E6473206865696768743D2235352E30222077696474683D2238352E302220783D223436302E302220793D223236352E30222F3E0D0A20202020202020203C62706D6E64693A42504D4E4C6162656C3E0D0A202020202020202020203C64633A426F756E6473206865696768743D2235352E30222077696474683D2238352E302220783D22302E302220793D22302E30222F3E0D0A20202020202020203C2F62706D6E64693A42504D4E4C6162656C3E0D0A2020202020203C2F62706D6E64693A42504D4E53686170653E0D0A2020202020203C62706D6E64693A42504D4E53686170652062706D6E456C656D656E743D225F35222069643D2253686170652D5F35223E0D0A20202020202020203C64633A426F756E6473206865696768743D2233322E30222077696474683D2233322E302220783D223437352E302220793D223539302E30222F3E0D0A20202020202020203C62706D6E64693A42504D4E4C6162656C3E0D0A202020202020202020203C64633A426F756E6473206865696768743D2233322E30222077696474683D2233322E302220783D22302E302220793D22302E30222F3E0D0A20202020202020203C2F62706D6E64693A42504D4E4C6162656C3E0D0A2020202020203C2F62706D6E64693A42504D4E53686170653E0D0A2020202020203C62706D6E64693A42504D4E53686170652062706D6E456C656D656E743D225F36222069643D2253686170652D5F36223E0D0A20202020202020203C64633A426F756E6473206865696768743D2235352E30222077696474683D2238352E302220783D223436302E302220793D223430352E30222F3E0D0A20202020202020203C62706D6E64693A42504D4E4C6162656C3E0D0A202020202020202020203C64633A426F756E6473206865696768743D2235352E30222077696474683D2238352E302220783D22302E302220793D22302E30222F3E0D0A20202020202020203C2F62706D6E64693A42504D4E4C6162656C3E0D0A2020202020203C2F62706D6E64693A42504D4E53686170653E0D0A2020202020203C62706D6E64693A42504D4E456467652062706D6E456C656D656E743D225F37222069643D2242504D4E456467655F5F372220736F75726365456C656D656E743D225F322220746172676574456C656D656E743D225F33223E0D0A20202020202020203C64693A776179706F696E7420783D223439362E302220793D2236372E30222F3E0D0A20202020202020203C64693A776179706F696E7420783D223439362E302220793D223132352E30222F3E0D0A20202020202020203C62706D6E64693A42504D4E4C6162656C3E0D0A202020202020202020203C64633A426F756E6473206865696768743D22302E30222077696474683D22302E302220783D22302E302220793D22302E30222F3E0D0A20202020202020203C2F62706D6E64693A42504D4E4C6162656C3E0D0A2020202020203C2F62706D6E64693A42504D4E456467653E0D0A2020202020203C62706D6E64693A42504D4E456467652062706D6E456C656D656E743D225F38222069643D2242504D4E456467655F5F382220736F75726365456C656D656E743D225F332220746172676574456C656D656E743D225F34223E0D0A20202020202020203C64693A776179706F696E7420783D223530302E302220793D223138302E30222F3E0D0A20202020202020203C64693A776179706F696E7420783D223530302E302220793D223236352E30222F3E0D0A20202020202020203C62706D6E64693A42504D4E4C6162656C3E0D0A202020202020202020203C64633A426F756E6473206865696768743D22302E30222077696474683D22302E302220783D22302E302220793D22302E30222F3E0D0A20202020202020203C2F62706D6E64693A42504D4E4C6162656C3E0D0A2020202020203C2F62706D6E64693A42504D4E456467653E0D0A2020202020203C62706D6E64693A42504D4E456467652062706D6E456C656D656E743D225F39222069643D2242504D4E456467655F5F392220736F75726365456C656D656E743D225F342220746172676574456C656D656E743D225F36223E0D0A20202020202020203C64693A776179706F696E7420783D223530322E352220793D223332302E30222F3E0D0A20202020202020203C64693A776179706F696E7420783D223530322E352220793D223430352E30222F3E0D0A20202020202020203C62706D6E64693A42504D4E4C6162656C3E0D0A202020202020202020203C64633A426F756E6473206865696768743D22302E30222077696474683D22302E302220783D22302E302220793D22302E30222F3E0D0A20202020202020203C2F62706D6E64693A42504D4E4C6162656C3E0D0A2020202020203C2F62706D6E64693A42504D4E456467653E0D0A2020202020203C62706D6E64693A42504D4E456467652062706D6E456C656D656E743D225F3130222069643D2242504D4E456467655F5F31302220736F75726365456C656D656E743D225F362220746172676574456C656D656E743D225F35223E0D0A20202020202020203C64693A776179706F696E7420783D223439312E302220793D223436302E30222F3E0D0A20202020202020203C64693A776179706F696E7420783D223439312E302220793D223539302E30222F3E0D0A20202020202020203C62706D6E64693A42504D4E4C6162656C3E0D0A202020202020202020203C64633A426F756E6473206865696768743D22302E30222077696474683D22302E302220783D22302E302220793D22302E30222F3E0D0A20202020202020203C2F62706D6E64693A42504D4E4C6162656C3E0D0A2020202020203C2F62706D6E64693A42504D4E456467653E0D0A202020203C2F62706D6E64693A42504D4E506C616E653E0D0A20203C2F62706D6E64693A42504D4E4469616772616D3E0D0A3C2F646566696E6974696F6E733E0D0A, 0);
INSERT INTO `act_ge_bytearray` VALUES ('3', 1, 'D:\\distribute\\target\\classes\\processes\\test.bpmn', '1', 0x3C3F786D6C2076657273696F6E3D22312E302220656E636F64696E673D225554462D3822207374616E64616C6F6E653D22796573223F3E0D0A3C646566696E6974696F6E7320786D6C6E733D22687474703A2F2F7777772E6F6D672E6F72672F737065632F42504D4E2F32303130303532342F4D4F44454C2220786D6C6E733A61637469766974693D22687474703A2F2F61637469766974692E6F72672F62706D6E2220786D6C6E733A62706D6E64693D22687474703A2F2F7777772E6F6D672E6F72672F737065632F42504D4E2F32303130303532342F44492220786D6C6E733A6F6D6764633D22687474703A2F2F7777772E6F6D672E6F72672F737065632F44442F32303130303532342F44432220786D6C6E733A6F6D6764693D22687474703A2F2F7777772E6F6D672E6F72672F737065632F44442F32303130303532342F44492220786D6C6E733A746E733D22687474703A2F2F7777772E61637469766974692E6F72672F746573746D313531303733353933323333362220786D6C6E733A7873643D22687474703A2F2F7777772E77332E6F72672F323030312F584D4C536368656D612220786D6C6E733A7873693D22687474703A2F2F7777772E77332E6F72672F323030312F584D4C536368656D612D696E7374616E6365222065787072657373696F6E4C616E67756167653D22687474703A2F2F7777772E77332E6F72672F313939392F5850617468222069643D226D3135313037333539333233333622206E616D653D2222207461726765744E616D6573706163653D22687474703A2F2F7777772E61637469766974692E6F72672F746573746D313531303733353933323333362220747970654C616E67756167653D22687474703A2F2F7777772E77332E6F72672F323030312F584D4C536368656D61223E0D0A20203C70726F636573732069643D226C6561766522206973436C6F7365643D2266616C73652220697345786563757461626C653D2274727565222070726F63657373547970653D224E6F6E65223E0D0A202020203C73746172744576656E742069643D225F3222206E616D653D2253746172744576656E74222F3E0D0A202020203C656E644576656E742069643D225F3322206E616D653D22456E644576656E74222F3E0D0A202020203C757365725461736B2061637469766974693A61737369676E65653D22247B617070726F76657D222061637469766974693A6578636C75736976653D2274727565222069643D22617070726F766522206E616D653D22E7BB8FE79086E5AEA1E689B9222F3E0D0A202020203C6578636C7573697665476174657761792067617465776179446972656374696F6E3D22556E737065636966696564222069643D225F3522206E616D653D224578636C757369766547617465776179222F3E0D0A202020203C73657175656E6365466C6F772069643D225F362220736F757263655265663D22617070726F766522207461726765745265663D225F35222F3E0D0A202020203C73657175656E6365466C6F772069643D225F3722206E616D653D22E9809AE8BF872220736F757263655265663D225F3522207461726765745265663D225F33223E0D0A2020202020203C636F6E646974696F6E45787072657373696F6E207873693A747970653D2274466F726D616C45787072657373696F6E223E3C215B43444154415B247B706173737D5D5D3E3C2F636F6E646974696F6E45787072657373696F6E3E0D0A202020203C2F73657175656E6365466C6F773E0D0A202020203C757365725461736B2061637469766974693A61737369676E65653D22247B6170706C797D222061637469766974693A6578636C75736976653D2274727565222069643D226170706C69636174696F6E22206E616D653D22E68F90E4BAA4E794B3E8AFB7222F3E0D0A202020203C73657175656E6365466C6F772069643D225F392220736F757263655265663D225F3222207461726765745265663D226170706C69636174696F6E222F3E0D0A202020203C73657175656E6365466C6F772069643D225F31302220736F757263655265663D226170706C69636174696F6E22207461726765745265663D22617070726F7665222F3E0D0A202020203C757365725461736B2061637469766974693A61737369676E65653D22247B6170706C797D222061637469766974693A6578636C75736976653D2274727565222069643D226D6F6469667922206E616D653D22E4BFAEE694B9E794B3E8AFB7222F3E0D0A202020203C73657175656E6365466C6F772069643D225F313222206E616D653D22E4B88DE9809AE8BF872220736F757263655265663D225F3522207461726765745265663D226D6F64696679223E0D0A2020202020203C636F6E646974696F6E45787072657373696F6E207873693A747970653D2274466F726D616C45787072657373696F6E223E3C215B43444154415B247B21706173737D5D5D3E3C2F636F6E646974696F6E45787072657373696F6E3E0D0A202020203C2F73657175656E6365466C6F773E0D0A202020203C73657175656E6365466C6F772069643D225F31332220736F757263655265663D226D6F6469667922207461726765745265663D22617070726F7665222F3E0D0A20203C2F70726F636573733E0D0A20203C62706D6E64693A42504D4E4469616772616D20646F63756D656E746174696F6E3D226261636B67726F756E643D234646464646463B636F756E743D313B686F72697A6F6E74616C636F756E743D313B6F7269656E746174696F6E3D303B77696474683D3834322E343B6865696768743D313139352E323B696D61676561626C6557696474683D3833322E343B696D61676561626C654865696768743D313138352E323B696D61676561626C65583D352E303B696D61676561626C65593D352E30222069643D224469616772616D2D5F3122206E616D653D224E6577204469616772616D223E0D0A202020203C62706D6E64693A42504D4E506C616E652062706D6E456C656D656E743D226C65617665223E0D0A2020202020203C62706D6E64693A42504D4E53686170652062706D6E456C656D656E743D225F32222069643D2253686170652D5F32223E0D0A20202020202020203C6F6D6764633A426F756E6473206865696768743D2233322E30222077696474683D2233322E302220783D2231352E302220793D2236302E30222F3E0D0A20202020202020203C62706D6E64693A42504D4E4C6162656C3E0D0A202020202020202020203C6F6D6764633A426F756E6473206865696768743D2233322E30222077696474683D2233322E302220783D22302E302220793D22302E30222F3E0D0A20202020202020203C2F62706D6E64693A42504D4E4C6162656C3E0D0A2020202020203C2F62706D6E64693A42504D4E53686170653E0D0A2020202020203C62706D6E64693A42504D4E53686170652062706D6E456C656D656E743D225F33222069643D2253686170652D5F33223E0D0A20202020202020203C6F6D6764633A426F756E6473206865696768743D2233322E30222077696474683D2233322E302220783D223633302E302220793D2236332E30222F3E0D0A20202020202020203C62706D6E64693A42504D4E4C6162656C3E0D0A202020202020202020203C6F6D6764633A426F756E6473206865696768743D2233322E30222077696474683D2233322E302220783D22302E302220793D22302E30222F3E0D0A20202020202020203C2F62706D6E64693A42504D4E4C6162656C3E0D0A2020202020203C2F62706D6E64693A42504D4E53686170653E0D0A2020202020203C62706D6E64693A42504D4E53686170652062706D6E456C656D656E743D22617070726F7665222069643D2253686170652D617070726F7665223E0D0A20202020202020203C6F6D6764633A426F756E6473206865696768743D2235352E30222077696474683D2238352E302220783D223331352E302220793D2235302E30222F3E0D0A20202020202020203C62706D6E64693A42504D4E4C6162656C3E0D0A202020202020202020203C6F6D6764633A426F756E6473206865696768743D2235352E30222077696474683D2238352E302220783D22302E302220793D22302E30222F3E0D0A20202020202020203C2F62706D6E64693A42504D4E4C6162656C3E0D0A2020202020203C2F62706D6E64693A42504D4E53686170653E0D0A2020202020203C62706D6E64693A42504D4E53686170652062706D6E456C656D656E743D225F35222069643D2253686170652D5F35222069734D61726B657256697369626C653D2266616C7365223E0D0A20202020202020203C6F6D6764633A426F756E6473206865696768743D2233322E30222077696474683D2233322E302220783D223530352E302220793D2236302E30222F3E0D0A20202020202020203C62706D6E64693A42504D4E4C6162656C3E0D0A202020202020202020203C6F6D6764633A426F756E6473206865696768743D2233322E30222077696474683D2233322E302220783D22302E302220793D22302E30222F3E0D0A20202020202020203C2F62706D6E64693A42504D4E4C6162656C3E0D0A2020202020203C2F62706D6E64693A42504D4E53686170653E0D0A2020202020203C62706D6E64693A42504D4E53686170652062706D6E456C656D656E743D226170706C69636174696F6E222069643D2253686170652D6170706C69636174696F6E223E0D0A20202020202020203C6F6D6764633A426F756E6473206865696768743D2235352E30222077696474683D2238352E302220783D223133352E302220793D2235302E30222F3E0D0A20202020202020203C62706D6E64693A42504D4E4C6162656C3E0D0A202020202020202020203C6F6D6764633A426F756E6473206865696768743D2235352E30222077696474683D2238352E302220783D22302E302220793D22302E30222F3E0D0A20202020202020203C2F62706D6E64693A42504D4E4C6162656C3E0D0A2020202020203C2F62706D6E64693A42504D4E53686170653E0D0A2020202020203C62706D6E64693A42504D4E53686170652062706D6E456C656D656E743D226D6F64696679222069643D2253686170652D6D6F64696679223E0D0A20202020202020203C6F6D6764633A426F756E6473206865696768743D2235352E30222077696474683D2238352E302220783D223331352E302220793D223135302E30222F3E0D0A20202020202020203C62706D6E64693A42504D4E4C6162656C3E0D0A202020202020202020203C6F6D6764633A426F756E6473206865696768743D2235352E30222077696474683D2238352E302220783D22302E302220793D22302E30222F3E0D0A20202020202020203C2F62706D6E64693A42504D4E4C6162656C3E0D0A2020202020203C2F62706D6E64693A42504D4E53686170653E0D0A2020202020203C62706D6E64693A42504D4E456467652062706D6E456C656D656E743D225F3133222069643D2242504D4E456467655F5F31332220736F75726365456C656D656E743D226D6F646966792220746172676574456C656D656E743D22617070726F7665223E0D0A20202020202020203C6F6D6764693A776179706F696E7420783D223335372E352220793D223135302E30222F3E0D0A20202020202020203C6F6D6764693A776179706F696E7420783D223335372E352220793D223130352E30222F3E0D0A20202020202020203C62706D6E64693A42504D4E4C6162656C3E0D0A202020202020202020203C6F6D6764633A426F756E6473206865696768743D222D312E30222077696474683D222D312E302220783D222D312E302220793D222D312E30222F3E0D0A20202020202020203C2F62706D6E64693A42504D4E4C6162656C3E0D0A2020202020203C2F62706D6E64693A42504D4E456467653E0D0A2020202020203C62706D6E64693A42504D4E456467652062706D6E456C656D656E743D225F3132222069643D2242504D4E456467655F5F31322220736F75726365456C656D656E743D225F352220746172676574456C656D656E743D226D6F64696679223E0D0A20202020202020203C6F6D6764693A776179706F696E7420783D223532352E302220793D2238382E30222F3E0D0A20202020202020203C6F6D6764693A776179706F696E7420783D223532352E302220793D223137372E30222F3E0D0A20202020202020203C6F6D6764693A776179706F696E7420783D223430302E302220793D223137372E30222F3E0D0A20202020202020203C62706D6E64693A42504D4E4C6162656C3E0D0A202020202020202020203C6F6D6764633A426F756E6473206865696768743D222D312E30222077696474683D222D312E302220783D222D312E302220793D222D312E30222F3E0D0A20202020202020203C2F62706D6E64693A42504D4E4C6162656C3E0D0A2020202020203C2F62706D6E64693A42504D4E456467653E0D0A2020202020203C62706D6E64693A42504D4E456467652062706D6E456C656D656E743D225F36222069643D2242504D4E456467655F5F362220736F75726365456C656D656E743D22617070726F76652220746172676574456C656D656E743D225F35223E0D0A20202020202020203C6F6D6764693A776179706F696E7420783D223430302E302220793D2237372E35222F3E0D0A20202020202020203C6F6D6764693A776179706F696E7420783D223530352E302220793D2237362E30222F3E0D0A20202020202020203C62706D6E64693A42504D4E4C6162656C3E0D0A202020202020202020203C6F6D6764633A426F756E6473206865696768743D222D312E30222077696474683D222D312E302220783D222D312E302220793D222D312E30222F3E0D0A20202020202020203C2F62706D6E64693A42504D4E4C6162656C3E0D0A2020202020203C2F62706D6E64693A42504D4E456467653E0D0A2020202020203C62706D6E64693A42504D4E456467652062706D6E456C656D656E743D225F37222069643D2242504D4E456467655F5F372220736F75726365456C656D656E743D225F352220746172676574456C656D656E743D225F33223E0D0A20202020202020203C6F6D6764693A776179706F696E7420783D223533372E302220793D2237362E30222F3E0D0A20202020202020203C6F6D6764693A776179706F696E7420783D223633302E302220793D2237392E30222F3E0D0A20202020202020203C62706D6E64693A42504D4E4C6162656C3E0D0A202020202020202020203C6F6D6764633A426F756E6473206865696768743D222D312E30222077696474683D222D312E302220783D222D312E302220793D222D312E30222F3E0D0A20202020202020203C2F62706D6E64693A42504D4E4C6162656C3E0D0A2020202020203C2F62706D6E64693A42504D4E456467653E0D0A2020202020203C62706D6E64693A42504D4E456467652062706D6E456C656D656E743D225F39222069643D2242504D4E456467655F5F392220736F75726365456C656D656E743D225F322220746172676574456C656D656E743D226170706C69636174696F6E223E0D0A20202020202020203C6F6D6764693A776179706F696E7420783D2234372E302220793D2237362E30222F3E0D0A20202020202020203C6F6D6764693A776179706F696E7420783D223133352E302220793D2237372E35222F3E0D0A20202020202020203C62706D6E64693A42504D4E4C6162656C3E0D0A202020202020202020203C6F6D6764633A426F756E6473206865696768743D222D312E30222077696474683D222D312E302220783D222D312E302220793D222D312E30222F3E0D0A20202020202020203C2F62706D6E64693A42504D4E4C6162656C3E0D0A2020202020203C2F62706D6E64693A42504D4E456467653E0D0A2020202020203C62706D6E64693A42504D4E456467652062706D6E456C656D656E743D225F3130222069643D2242504D4E456467655F5F31302220736F75726365456C656D656E743D226170706C69636174696F6E2220746172676574456C656D656E743D22617070726F7665223E0D0A20202020202020203C6F6D6764693A776179706F696E7420783D223232302E302220793D2237372E35222F3E0D0A20202020202020203C6F6D6764693A776179706F696E7420783D223331352E302220793D2237372E35222F3E0D0A20202020202020203C62706D6E64693A42504D4E4C6162656C3E0D0A202020202020202020203C6F6D6764633A426F756E6473206865696768743D222D312E30222077696474683D222D312E302220783D222D312E302220793D222D312E30222F3E0D0A20202020202020203C2F62706D6E64693A42504D4E4C6162656C3E0D0A2020202020203C2F62706D6E64693A42504D4E456467653E0D0A202020203C2F62706D6E64693A42504D4E506C616E653E0D0A20203C2F62706D6E64693A42504D4E4469616772616D3E0D0A3C2F646566696E6974696F6E733E0D0A, 0);
INSERT INTO `act_ge_bytearray` VALUES ('4', 1, 'D:\\distribute\\target\\classes\\processes\\leave.myProcess_1.png', '1', 0x89504E470D0A1A0A0000000D494844520000022B000002780806000000A4B4A37100001D3F4944415478DAEDDD0F8C97F59DE0F1667369CCA6B998CB65CD66B36936976B9ACBA6B9E6D26C73317B6C9ABDB4D798368EF37C9FEF6F189D5D950A22623DD72C9120ADB1DB4A4F6BC9D1E6BCB356B3BB31D9DD6BA91764061C9955FCD71611AA852D4A019101FF01C2CCC0CC73DFAF8166046604F9CDFCBE96D72BF904F2FB19309FF925BCF33CCFEF793EF21100000000000000000000000000000000000000000000000000000000000000000000000000000000000000000000000000000000000000000000000000000000000000000000000000000000800B43D334173FFAE8A3FF77E5CA958757AC583171F3CD37377D7D7D4D5DD74D6F6F6F73D34D37354B972E1D5BBE7CF99E458B167DD5C6008059F1EAABAFF63CF8E083076FBCF1C666C18205CDFDF7DFDF3CF5D453CDDEBD7B9BA3478F36D9D8D858333C3CDC3CFBECB3CD430F3DD4CC9F3FBF59B870E1C492254B36C4182FB14500A0ED52835CB27EFDFA0337DC7043B362C58A66F3E6CDEF46C9D9DABA756BB372E5CAE69A6BAE696EBEF9E6E5360A00B44D3E9AF29DEF7C6762F1E2C5CDA64D9B9AF3F1D24B2F358B162D6AAEBBEEBA7D7D7D7D17DB2E00705E0E1D3AB468E9D2A5CDBDF7DEDB1C3C78B069877CBA28FF79D75F7FFD5B4E0B01001F583EA29243E55BDFFA5673FCF8F1A6DD56AD5A958FB0BC3167CE9C8B6C1B003827F91A957CEA271F0199895039E99E7BEE69E6CE9DBBD3C6018073922FA6CDD7A8B4EBD4CF74A784E6CF9F3F11635C6CEB00C059C9A77FF2B77EF2377E6643BEE8B6A7A767DCF52B00C059C9F751C95F4F9E4D77DC71C7585DD7AB6D1F009856BE336DBEE1DB6C1D5539E9C5175F6C628CC75C6C0B004CABBFBFFF27F9CEB4337951ED54FAFAFAC64308D7F829000053CACFFAC9B7D0EF84BBEFBEFB485DD7437E0A00C094F24309F3B37E3AE1C9279F3C9E6265979F020030A5FCF4E4FC50C24E3870E0C0448A95513F0500604ABDBDBDBF797AF26CCB0F464CB1D2F829000053CAB1D04962050098D655575DD5C9232B1362050098D657BFFAD58E5DB3323C3C3CE69A1500605ACB962D1BEDD4B7811E7DF4D161DF060200A6F5F5AF7F7D67A7EEB3B274E9D2D7DC67050098D6A2458BFE62FEFCF91DB9836DBEDDBE3BD8020067132CE3B3FD6CA08D1B37E653409E0D0400BCBFDB6EBBEDB1BBEEBA6B566365DEBC79AF79EA32007056FAFAFA2EBEF6DA6B27B66EDD3A2BA1F2F4D34F1FC84755628C97D83E007056162E5CB8F4861B6E680E1E3C38A3A172E4C891F156AB35964265B1AD0300E764FEFCF97BEFBEFBEE99BCD87622FD1DC321841DB60D009CB37CB1EBC2850B0FAC5CB97226826562C99225BFCEF755C9A79D6C1B00F8C0C1326FDEBCE16F7FFBDBCD3BEFBCD3B6533FD75F7F7DBEA07697EB540080B6044B6F6FEF8EAF7CE52B13CF3FFFFC795F4C9BAF51C9A77E1C510100DA2A5F043B77EEDCE3CB962D3B96A3E55C4E0D3DF7DC73FBF3353027BEF5E3625A006066E4A321218487F3D1912BAFBC7262C58A15471E7FFCF1E3AFBDF6DAF8D8D8D86F9E9E9C1F4AB876EDDA03F916FAF9CEB43952F27D549CF60100664D8A8FDE34036976A68039927E6D26CD68BE2625CDC67C0B7D77A605004A09984698000045C78A0B670180926365E2F2CB2FFF7D9B00008A8D95DEDEDE3FB20900A04831C6F1AEAEAE4FDA040050A4BAAE8FA7F9B44D0000A5C6CAB110C2676D0200283556C6AAAAFA339B00008A14631CEDEEEEFEBC4D0000450A218CB45AAD2FD90400506AAC1CE9E9E90936010014A9AEEBC3F999413601001429847030C5CAB5360100142985CA5B69AEB70900A04831C637AAAABAC92600805263E5408A95BFB60900A0482184E156ABB5CC26008022D575BD37CD9D360100142984B0BBD56ADD6513004091EABADE9982E55E9B00008A94426547ABD55A6513004091EABADE9EE63E9B00004A8D9517D3FCD02600805263654B08E1EF6C020028355636A5F9079B00008A14637CAEAAAA1FD9040050A410C25329581EB10900A048755DFF730A967E9B00004A8D95C1348FD9040050A47C54251F5DB10900A0482954FE5F9A8D3601001429C6F8E3FC8D209B00008A94EFB192EFB562130040915AADD6DF87105EB00900A048F9B940F9F94036010014A9AAAAFF1D63DC66130040915AADD6AA10C20E9B00008A9442E5DEBAAE77DA0400506AACAC48B1B2CB26008022A550B933CD5E9B00004A8D95DBD3ECB30900A0485555FD758CF1804D0000454AA172735DD76FD8040050A410C20D2956DEB20900A0482954AE4DC172D026008022555575550A96C336010014A9A7A7272447F2EFFBFAFA2E8E315E9A5EFB8CCD00001D9162E4CDBAAE8FA55FC7D3AFCD14B3DDA600804EC5CA03D344CABB938FAED81400D01173E6CCB9281F59992A5442085B6D0900E8A8E98EAE38AA020074DC89A32BA36788150F340400CA1042587E86A32A0B6C060028460A94B727C5CAEB3602001425C6B878D25195C53602001427DF6A3FC78A4D000045AAAA6A895801800B54D33417EDD8B163D7C68D1B9B75EBD635FDFDFDE603CCC0C040B361C3868934AB7CAA00A08D72A80C0D0D35C3C3C3CDE8E8A8398FD9BF7F7F3338383891C265854F1600B4493EA22254DA1B2CFDFDFDA33E5900D026F9D48FC868EFE4D3423E5900D026F91F5681215600E0431F2B87DFDADBEC78F6FE66EBC0D7DE9DFCFBFC9A38112B00D0F15839F4E69E66CBA34B9BE71FB9E53D935FCBEF0914B102001D8D955D5B7F7C5AA89C9CDD5B570B14B102009D8D95171FFBE694B192DF13286205003A1A2B5BFA6F9F3256F27B0245AC008058112B002056A69AFCED9FA96225BF2750C40A00743456B63FB172CA58C9EF0914B102001D8D95D7F76C6EB6AC5D76FA29A0F45A7E4FA0881500E868ACE479F9B91F9E162BF93571225600A0F3B13232D26C7F72D5E9A780D26BF93D81225600A063B192EF50BBED89EF4E79CD4A7ECF5D6CC50A00CC7EAC8C8C347BB7AF6F5E58B364CA503939F9BFC9FFADA32C620500662556DEEF688AA32C6205003A1A2B67733465BAA32C6245AC00C08CC6CA070D95932356C40A00CC68AC18B102006245AC00006245AC00805831620500C48A580100B162C40A008815B102008815B1020062E5FC26FDB5679CD97A5FAC00805879DF5899EEB5997E5FAC008058112B008058112B002056C48A580100B122560000B122560040ACF8EAB2580180DF8A587153380040AC881500102B46AC008058112B0020560486580100B122560000B122560040AC18B102006245AC00006245AC008058112B008058112B0020568C580100B122560000B1225600E04366DDBA750243AC0040B9868686C687878745469B66F7EEDD3B53AC8CFA6401409BAC5FBFFECEC1C1C1897DFBF6151F02232323C587CAC0C0C0B1342B7CB200A08DD23FAECBFBFBFB0FE7D317A5CEDAB56B9B18E3BBBF16FCFF392A5400E00256D775D3D7D777B14D0000A5C6CA446F6FEF1FD90400506AAC1C4FF3699B00004A8D95B1AAAAFECC2600805263E568ABD5BADC2600805263E5708CF12F6C0200283556DE4AB3C8260080228510F6A758B9CD26008022A5507935CDDFD80400506AACBC9C66A54D0000A5C6CA2FD3FCC02600805263E5F910C2C33601001429C6F87455553FB10900A0D458793C84B0DE26008022A5505953D7F5469B00008A5455D53FC6187F6E13004091EABA7E30CD2F6C0200285208E17B29567E65130040A9B1B222C5CA2E9B00008A9442E5F634FB6C020028528CF1E6142B6FD8040050A4142AD786100EDA040050A49E9E9ED42AE1884D000045EAEEEEFE7C8C71D42600802285103E5BD7F5319B00008AD4D5D5F5C918E3B84D0000454AA172495DD71336010014A9BBBBFBA329561A9B00008A956365DEBC79BF6B13004091420813575E79E51FD8040050A4BAAEC753B0FCB14D0000A5C6CAB118E3A5360100941A2B2369BE68130040A9B1F24E8C71AE4D0000454AA1F2769A0536010014A9AEEBD7D3DC6A130040914208AFC518EFB00900A048755DEF4CB1728F4D0000A5C6CAF634F7D90400506AAC6C0921FC9D4D0000458A313E5755D58F6C020028525DD7FF1C42E8B70900A048395472B0D8040050A47C0A289F0AB20900A048F9E2DA7C91AD4D000045CA5F5BCE5F5FB60900A048F98670F9C670360100941A2B77A458D96B13004091F2430CD31CB00900A04831C6052956DEB60900A0D458991B4278C726008022555575595DD723360100941A2B7F9A62E5984D000045EAEAEAFA548C71DC26008022D575FD8769266C020028527777F7C752AC34360100142BC7CAEDB7DFFEAF6C02002836567A7B7B7FCF2600805263653C84F0099B00004A8D95E369FEC42600805263653484F05F6D02002835568EF4F4F4049B00004A8D954369AEB50900A04831C637D2DC6C130040914208C3755DDF6E1300409152A8EC4AC1B2C22600805263E5572956BE67130040A9B1F28B340FDA040050A418E3CFABAAFA479B00008A54D7F5C610C21A9B00008A9442657D8CF1719B00008A5455D54F52AC3C6D1300409142080FD775FDBC4D0000454AA1F28334BFCCBFBFFAEAAB3F1E63BC3405CC276C060098753D3D3D9F49313296E2E4580A9289F46B33C5DC675B004047A448D9314DA4343966E6CC9973914D01001D918FAE4C172BF91A165B02003A2A05C9CFA68895F1BEBEBE8B6D0800E8A87C216D0E9333C4CA33B6030014E1C457964FBD5EE5529B01008A902FA24DC1726452ACECB41500A0282956EE3D192B55557DD94600801283E5508E159B00008A5455D532B1020017B0A6692EDAB163C7AE8D1B3736EBD6AD6BFAFBFBCD079881818166C3860D136956F95401401BE550191A1A6A8687879BD1D151731EB37FFFFE667070702285CB0A9F2C0068937C4445A8B43758FAFBFB477DB200A04DF2A91F91D1DEC9A7857CB200A04DF23FAC0243AC00C0873E560EBFB5B7D9F1ECFDCDD681AFBD3BF9F7F93571225600A0E3B172E8CD3DCD96479736CF3F72CB7B26BF96DF13286205003A1A2BBBB6FEF8B4503939BBB7AE16286205003A1B2B2F3EF6CD296325BF2750C40A00743456B6F4DF3E65ACE4F7048A580100B122560040AC4C35F9DB3F53C54A7E4FA0881500E868AC6C7F62E594B192DF13286205003A1A2BAFEFD9DC6C59BBECF45340E9B5FC9E40112B00D0D158C9F3F2733F3C2D56F26BE244AC0040E7636564A4D9FEE4AAD34F01A5D7F27B0245AC0040C76225DFA176DB13DF9DF29A95FC9EBBD88A150098FD58191969F66E5FDFBCB066C994A17272F27F93FF5B4759C40A00CC4AACBCDFD1144759C40A00743456CEE668CA744759C48A580180198D950F1A2A2747AC88150098D15831620500C48A580100C48A580100B162C40A008815B1020062C5881500102B620500102B620500C4CAF493FED833CE87E57DB102001740AC4CF75AE9EF8B1500102B620500102B620500C48A58112B002056C40A008815B1225600E0C28A958FF8EA3200506AACB8299C580100B122560040AC18B102006245AC00006245AC00805831620500C48A580100B162C40A008815B102008815B1020062C5881500102B620500C48AC0102B002056C40A002056C40A00FC9659B76E9DC0102B0050AEA1A1A1F1E1E16191D1A6D9BD7BF7CE142BA33E5900D026EBD7AFBF7370707062DFBE7D62A30DA1323030702CCD0A9F2C0068A3F48FEBF2FEFEFEC3F9F445C953D77553F8FFE3A85001800B588E155B0000C40A0080580100C40A0080580100102B0080580100102B0080580100102B0000620500102B0000620500102B000062050040AC000062050040AC000062050040AC000088150040AC000088150040AC000088150000B1020088150000B1020020560000B1020020560000B1020020560000C40A0020560000C40A0020560000C40A0080580100C40A0080580100C40A0080580100102B0080580100102B0080580100102B0000620500102B000062050040AC000062050040AC000062050040AC000088150040AC000088150040AC000088150000B1020088150000B1020088150000B1020020560000B1020020560000B1020020560000C40A0020560000C40A00704186C96B394EDE670EDB1400D0A958E97DBF5809212CB72900A093C1B27F9A58393467CE9C8B6C0900E864AC4C797425C6F80D1B02004A0896335DBB72D8511500A09458E975AD0A00507AB0BCEAA80A0050AC10C2359362E5361B01008A73F2DA15475500805263A5D71D6C01E002D434CD453B76ECD8B571E3C666DDBA754D7F7FBFF900333030D06CD8B06122CD2A9F2A0068A31C2A434343CDF0F070333A3A6ACE63F6EFDFDF0C0E0E4EA47059E19305006D928FA80895F6064B7F7FFFA84F1600B4493EF52332DA3BF9B4904F1600B449FE875560881500F8D0C7CAE1B7F6363B9EBDBFD93AF0B57727FF3EBF264EC40A00743C560EBDB9A7D9F2E8D2E6F9476E79CFE4D7F27B0245AC0040476365D7D61F9F162A2767F7D6D50245AC00406763E5C5C7BE3965ACE4F7048A5801808EC6CA96FEDBA78C95FC9E40112B002056C40A008895A9267FFB67AA58C9EF0914B102001D8D95ED4FAC9C3256F27B0245AC00404763E5F53D9B9B2D6B979D7E0A28BD96DF13286205003A1A2B795E7EEE87A7C54A7E4D9C881500E87CAC8C8C34DB9F5C75FA29A0F45A7E4FA0881500E858ACE43BD46E7BE2BB535EB392DF73175BB10200B31F2B2323CDDEEDEB9B17D62C9932544E4EFE6FF27FEB288B580180598995F73B9AE2288B5801808EC6CAD91C4D99EE288B58112B0030A3B1F24143E5E48815B10200331A2B46AC008058112B008058112B0020568C580100B122560040AC18B102006245AC00006245AC008058997ED21F7BC6F9B0BC2F5600E0028895E95E2BFD7DB102006245AC00006245AC008058112B620500C48A580100B12256C40A005C58B1F2115F5D06004A8D153785132B002056C40A00881523560040AC88150040AC881500102B46AC008058112B0020568C580100B122560000B122560040AC18B102006245AC0080581118620500C48A580100C48A580180DF32EBD6AD1318620500CA353434343E3C3C2C32DA34BB77EFDE996265D4270B00DA64FDFAF5770E0E0E4EECDBB7AFD800181919F9D084CAC0C0C0B1342B7CB200A08DD23FAECBFBFBFB0FE7D317254EABD56AD6AE5DDB94FAFF376946850A005C604208FFAEAEEB099B00008A74C515577C2EC5CA984D000045AAAAEAAA142B876D02002852ABD55A12633C6013004091EABAFE6E9A9D36010014A9D56AFD7D08E1059B00008A54D7F5409A219B00004A8D959F5655F5239B00004A8D957F49739F4D0000A5C6CADE18E31D360100941A2B6FA7B9DE260080526365A4D56A7DC92600805263653CC5CA7FB40900A0D45869BEF0852FFC6B9B00008A73D96597FDDB1C2B36010014A9A7A7E73329568EDB040050A456AB75798A95A3360100142985CAA2346FD90400506AACFC4D9A576D02002835567E90E697360100941A2BABD33C63130040A9B1F2649AB5360100142984B035C5CADFDA040050A4142ABF8E31DE6D130040A9B1F27A55557F65130040A9B1F24E8C71AE4D0000A5C6CAB1AAAAFED426008052636522CD1FDA0400509CEEEEEE8F9E78E2F2EFD80600509C10C227D24CD8040050A418E39FD7753D661300409152A8FC659A43360100941A2B4BD3ECB70900A0482184FF9962E5659B00004A8D958753AC3C6F130040A9B1B23EC5CA069B00008A1463FC799A7FB20900A048755DFF2A84F07D9B00004A8D95D752AC2CB70900A04831C68355555D6713004091EABA1E4DF3459B00004A8D95F110C21FDB0400506AAC34DDDDDD1FB30900A03831C64B72ACD8040050A410C26753AC1CB70900A0D458E94EB172C426008022555575538CF14D9B00008AD46AB5EEAAEB7A8F4D0000454AA1F2C310C24B3601001429C6F8488A95A76C020028525DD71B53ACACB10900A0D4587931CD83360100941A2BBB42082B6C0200283556DE8831DE6C1300409142084752AC449B00008A54D7F5B1B973E7FE679B00004A8D9589CB2FBFFCF76D020028CEBC79F37ED71397018062F5F4F4FC8718E3B84D000045EAEEEEFE7C8A95519B00008A54D7F5B5218483360100941A2BB7A75819B60900A0482954BE9766874D000045AAEBFA1FD26CB20900A0D45819CC631300409142089BF2D1159B00008A14637CB9D56AADB20900A048F99B40295696D9040050A4BAAE0FE57BADD80400506AAC8CE6BBD8DA040050A4FC5CA0AEAEAE4FDA040050A4FCC4E53973E65C6413004071AEBCF2CA3F48B1326113004091628C9786108ED90400506AACC4BAAE8FD8040050A4142AFF3DCD1B36010014A9AAAAFF916265974D0000454AA1F2609A5FD8040050A410C29A142B1B6D020028528CF1E9348FD8040050A4BAAE7F9962E5019B00004A8D953D21846FD9040050A418E39B5555DD6413004091EABA3E1A42E8B60900A0D458399EE64F6C02002835569ADEDEDEDFB30900A038DDDDDD1FCBB16213004091BABABA3E956265DC26008022A550F9629A119B00008A5455D57531C6B76D02002852ABD5FA7A5DD7AFD9040050A418E3FF4AF32F360100941A2BFF1442F8994D000045AAEB7A438A95F5360100142985CAE6340FDB040050A4BAAE5F4EB3D22600805263657F9ADB6C02002835560EA7F94B9B00008A14631C4BF3E736010014298430D1D7D7F7EF6D020028D1EFE4272E7777777FD42A0080E25C7DF5D51F4FB1326113004091628CFF25C5CA319B00004A8D95B92184776C020028525DD7B7A679DD26008022C518EF49B1F26B9B00008A9442E56F43085B6D0200283556D6A679C22600802285109E4DB1B2DA26008022C518B7A5F93F36010014A9AEEB5753AC7CC32600805263E5AD348B6C02002835568EB65AADCB6D02002835568E777777FF279B00004A8D95FCC4E57F6313004071FAFAFA2ECEB1621300409152A87C3ACDB84D0000456AB55A5F0A218CD80400D071575F7DF5C75398DC1B635C7CC515577CAEA7A7E733755D5F9FBFBA6C3B00401152981CCBD7A89C3A2960C6D2BC997EBF3FCD6D360500742A5686CE142B93663C1F81B12900A0234E9C0A9A982A56D27B0FDB1200D05129485E9A22548ECC9933E7221B02003A2AC6B8608AEB5616D80E0050841427A3A7C4CAABB6020094142BAB4F39AA72A9AD0000C538719BFDF113D7AA6CB61100A03829549E3F7154E532DB00003A267FC327DFE8EDC43D56F69FE17A95E3695E4FB3B1D56AADCA475D6C0D0098715D5D5D9F4A0132980264EC7D6E0477EAB782C643085B5DC70200CC887C2425C5C69A1429CDB944CA14B3D1911600A06DF2030A638C474F8D8E050B1634DFFFFEF79BA79E7AAAD9B3674F73F4E8D126CBBF0E0F0F373FFDE94F9B071E78A059BC78F1196F165755D5976D1700382F292AAEE9E9E9199F1C1AB7DC72CBBB2172FCF8F1E66C6DDAB4A959B264C9A9D13291FEFCE5B60C007CE050997CDA27454BB37AF5EA738A9453AD59B3A6E9EBEB3BF5288B600100CE4D3EF593426562F2299F6DDBB635EDF0CA2BAF3437DC70C37B8EB0382504009CB57C31EDE46B5472A8E46B50DA29FF799383255FC3E2A25B00E0ACE46FFD4C3EF5D3AE232A673AC272CA29A1676C1F009856BE8FCAE4EB54F2352A33295FC332F9FA957CFAC94F01009852BEE1DBE46FFD8C8D8D3533EDD65B6F9D7C3A68AB9F02007046F95A95C977A6CD5F4F9E0D9B376F7ECF9D6ED35CE2A701009C267F8578F245B5E7F315E57335F9C671F959427E1A00C0694E3C94F0DD60B8EFBEFB9AD9F4D0430FBDE776FC7E1A00C0996265FFC960C8B7D09F4DF994D3A453416FFA690000A74991F09BEB55F6EEDD3BABB192EFBB32E9C8CA713F0D00E03493BF427CF2A184B325FF7D93FF7E3F0D0060DA58E904B102009C75AC38B2020014C7352B0040D17C1B0800283D56DC67050028578CF11B9DBA83ED8D37DEE80EB600C0F4F2B381F2F5229E0D0400142B05C333939FBA3C1B4757962C59E2A9CB00C0D9E9EAEAFA548A868993F1B07AF5EA190D95356BD6BCE72BCB575C71C5E7FC140080694DBED0B6A7A7A7D9B66DDB8C84CA2BAFBCD25C75D5559363E519DB0700DE575F5FDFC5218423932FB6CDF74169F77D55162E5C38F9F4CF91FCF7DA3E007056AAAAFAF2E4D3413958DA7584251F51991C2AF9EFC97F9FAD0300E71A2C7F353958F229A17C0DCBF95C749BAF5139E5D44F3EAAB2DCB60180B604CBC96F096DDAB4E99CBF9EBC74E9D2F7444AFE73850A00D08E60F9F2E46B58269F1ACA77BA7DF6D967DF7D96D0C9871FE65FF335293968F29D6927DFF06DF2352A4EFD00006D932F7E9DFC2DA1F39C675C4C0B00CC887C1F9610C2CF26DFE9F66C26DF9936DFF0ADD56AFD375B0400665CBE35FF896709E5A32DFBD3EFC74E8D93FCF4E4FC50C2FCAC1FB7D00700000000000000000000000000000000F8EDF0FF012EF9118B8151E5300000000049454E44AE426082, 1);
INSERT INTO `act_ge_bytearray` VALUES ('5', 1, 'D:\\distribute\\target\\classes\\processes\\test.leave.png', '1', 0x89504E470D0A1A0A0000000D49484452000002A1000000D80806000000DB103A7E000018194944415478DAEDDD7B6C9DE57D07F0A84253554D53354DE58F69AAAA69D53455D5AA6AEA34555DAB6A555B54AD6AB08F8F13876C0D8190102E59408B622514545A70078568198241B9A8ACABBA32D256097642480601022C503C20B0903409B9724B421287C4EF9E9FFB9EECE0D88E1D1FBFE7F8F8F3911E1DE71CE7E2E7FCF2FEBEE7796FD3A601000000004C0957DEB62E1B6AD4EA7500001832848EF4DC785F0700002114000021140000215408050040080500A04943A8B3E3010000000000000000000000000000000000000000000000000000000000000000000000000000000000000000000000000000000000000000000000000000000000000000000000000000000000000000000000000000000000000000000000000000000000000000000000000000009842B22CFBF0B66DDB766EDAB4295BBB766DD6DDDD6D9CC3E8E9E9C9366CD8D09FC64A55A59ED533009C4534EC8D1B3766FBF7EFCFFAFAFA8C718C03070E64EBD7AFEF4F0DBC4B65A967F50C00238815230DBBB68DBBBBBBBB4F65A967F50C0023885D969A6D6D47ECCE5459EA593D03C008A2C168B49AB67A36D433000DD9B48FBCB327DBB6F99EACB7E73B0323BE8EE734694D5B3DAB67009890A67DF8EDDDD98B6B3AB3E77FB9F803239E8BD7346A4D5B3DAB6700A879D3DED9FBF0190DBB3276F5AED2A8356DF5AC9E01A0F64DFBA547BF3F6CD38ED7346A4D5B3DAB6700A879D37EB17BF9B04D3B5ED3A8356DF5AC9E99D43E6E0A98D4B22CFBE89A356B1E5AB162C591AEAEAEFE458B1665B367CFCEDADADAB28E8E8EECAAABAECA3A3B3B4F5C77DD75BB172E5C78B519D3B4356DD4B37AA6EEAE89169EC675A68249E78D37DE9871FFFDF71FBAE28A2BB2CB2EBB2CBBE79E7BB2279F7C32DBB3674F76ECD8B12C9C387162E002D29B376FCE1E78E0816CDEBC79D982050BFA972C59B2A15C2E9F6F161BBB69C7D9C3C335ED784DA3D6B4D5B37A66D206D0FE349ECB1F055126CDCAE7F9EBD6AD3B78F9E597675D5D5DD90B2FBC30103647ABB7B7375BB162453667CE9C6CD1A2450ABF819BF6AB8FAF18B669C76B1AB5A6AD9ED53393368056FAEF5241B4F97CF18B5FFC705B5BDBD23436A671208DBED8435D354EA6F1661A9BDADBDB57CE9E3DFBA39362F5F3873FFC61FF95575E996DD9B2251B8F975F7E395BB8706176E9A597EE9B143FFC146CDA6FEE7E217BF1916567EEBA4CCFC56B1AB5A6AD9ED533933A809EED792699E9D3A77F3A05CBF529589E18143A471CE572F954A954EA4D8F9F6FC81FECF0E1C30B3B3B3BB3DB6EBB2D3B74E850560BB1DB3EFEBCF9F3E7BF63F77CE335ED18AF3F73DF194D3B9ED3A4356DF5AC9E698A003AF8F5A5A66A72AE7CA610B93A85CF6C2CE17398B1A9A1160763053402E84D37DD949D3C7932ABB5952B57C68AE85B31894AA9819AF6F1E3D9AB4FAC3C73D7657A2E5ED3A8356DF5AC9E698A005A61D7FC2474E185177EB95C2E1F1B1C26E37C9D3BEEB863E07C9DDDBB779F3E5F271EE37C9D679F7D36BBF7DE7BB3D8BB3DF8F7A6407BB4B5B5F59B75FFE1E218D0D8051F2B961311402B6EBDF5D66CE6CC993B94536334EDB883CCD6C76F1FF618BA78CD5D66346DF5AC9E699A005A1D444F59119D1C52589C3363C68C53D50172F1E2C50301732C992D0EB15CB264C9E030DA9FFEFCFA7E208993902225D76A17FC48BBE6E7CD9BD79FD2FC95CAAA8E4DFBF8F16CCFABEBB25FAF5E326CC3AE8CF89EF85EAB489AB67A56CF344500ADFE7DA7AC88367E00ADDEFD9EC268B66AD5AA712D18AE5EBDFAF46536AB5645EB5307B11B3ECE828F33E08B10272B45A2777C687D9AF6D9568BAC2269DAEA593DD3F40174F0EFB722DA8062177C0AA0FDD5BBDEB76EDD5A932CB67DFBF62CB25FF58A685D76CDC77540E3324C45BAE1861BE28CAE554AACF8A63D9AD5A2915691346D4D5B3DAB671A32807E288D3BF3C7910CFE3EC78836A0387FA6FA18D008A0718C672DC59F571D44E318D1424F568A3B21C585E88B5A05AD78E9A597E25201EF3B49A9F8A67DAE0DBB32346D4D5B3DAB671A3280BE32EDB777477A6584203ADCF759116D3071167CF52EF85AAD800EB5223A68D7FCD3456ED47F11E97A224F461A4EFAA1E37A557394DAB97D423AD7A66D68DACD14420DF53C59A566BFB3BDBDFDEB3508A0D3F295CDAC6A0C1544AB036865DC71963F973A88EB80561F071AC7804EA43846B4FAF8D0380CA0901F34EE051FB7E2AC875B6EB9E5685CE55FB99DD3C6AB2FEE7EA0696BDA42A8A19E27ED76BCD2F4778CE158BCE182E25001B33A889EEDF50ABBE61BA336D6579F053F963B569EAB6BAFBDB67AB77C6F213F685757577F5C5BAA1E9E78E289B89DD44EE576EE1BAF72B97C2215CB6DC3AD8C6ADA9AF624A9E737532D5F2684AAE7291A422B63E78C19334AE71040CF1644CF1B6500ADFE7B9C353F014673A7A2E8E7D577428ACB3015210ECBACBEB35221278F2F5AB428DBB3674F5D42E8C18307E38CAF3E6539FE8D571C4C3CD4E515346D4D7B92D5F39B231DA2A39ED5739387D0D3FF0F86F85036DA5DE54305D1BE3104D0C141D431A2B57DCFDF8F0F1B2385D1E8E5D527231579B864F505ED47B3B775DC3A3A3A4E5F5DBF68B1BC1C3FA8B2ACE9C6EB481A4B356D4D7B92D7F381A15646D5B37A9E22DBF1D3FF0FF20F65633D5673A8203A96005A51D935FF1DEF564D436865F1E8E5343E39C4F76CAC7CCF5D77DD55682E7BE081073E705BCF42FE13D4D350FFF1D29B122BA4314E558D93E9F978F34EE4A32FFDFA787A8CCB171CCDC3D7E1F4DCA1F4F86E7A7C3B3DBE95C6C1F88F9CC6BE34F6A4B13B3E85C43138696C4FDFB72D3DBE96C62B69BC14C741A4F142FA7A4B1ACFC65962F146A4F1445E18719CC6DA341E49E3577199A9341E4AE36769FC248D1FA7717F1A3F4AE3AEF467FD4B7A5C911AEAADE9EBAEF4F5F7D2D737A4C7E511165B5B5BFF313DFE435CBC3F3DCE4F8F97A4C7BF4FA3237D5D4E8F17A64F237F1B07AFA7DFFF95F4FD5F8A4F5067DB78A5EF7D2FFE1E4D5BD36EA61521F53C31F5BC7CF9F2F3E6CE9DFB91AF7DED6BBFF78D6F7CE30F6237DCAC59B3FEB0A3A3E313B367CFFE93193366FC599C28D1D2D2F2D9F49E7C6EE6CC997F95BEE7AFE3E485F4DC57D37317C4318DB1BD2AFFD6CCF4EB8B2240E5DBB4F9692C4C5F2F4ACF5F936FF73A633B18DBA9346E4CDBB89BD3F3FF148717C536335661D2F377A6E7FE353DDE1BDBD5F4DA83B19D4DBFFE691A3F4FAFFD671ABFC8B7C5B14DEE49E3D1F4DA63F9F6FA897CFBFD747AEE9934FE3BFD195B621B1FDBFAF4FCFFC4B63F3DBF358DD7F27EB03DFA43FAF5CEBC5FBC919EDF9BF790F8707430AFCBB7F23EF36EFA3AFACEE1BC0FBD177BA6A237E53D2A465F1C3A150124EF6327F371D6FB7B7FEB5BDFAA84C7B11EA377DE102BA07DF9F363B13AFD9B4FF7E6D84D9B07A9BEE8BDD173F3B9D89FCFD7EB31A7F91C6F4E5FFF57BC2FE97B1ECE7BE48FD2F3FF9CC64DE93D5E1635113592F7BBA8A32FA4E7FFFCDBDFFEF6C7F34B057DA899B67579BEF940DE895AAE3EA42ECF2C03AF177DB864ECFAAFDA25FFF6844FC845175D54CF95D08137A3B2018C824B1BBD8F55367EF109218D4F4541A68DE05F54367C69FC4D84B20867958D5E84B63CBC5D1C4DABB2C14B8FD746D8AB6CEC220446188C5098BEBEBDB2A14BE3EEF4EBFBF210F9933C543E9487CCD8C0ADA96CE0D2D890C6E3958D5B1E56CFD8B0A5F16A1AFF9BFFA7DC9187DFDD79181EBC418B8DD93B833666D51BB2BE7C9CA8FE2475B6A1690BA1CDB422A49E6B3F8699EFFECA6240FE782A0F1F27AB17042258A5D19707AD63954581F8105C5918C8B769EF542D0CBC996FF7F6572D0E44D0DB9507BFD856BE5E59208880182B46F976F5C57C3B1BDBDBE7F260F954BE2D7EBCB250905E5B976FAFD754160BF2C0FA1F1160072F1844D04DBFE78EE807D117A23FE481F8A63C205F5FBD709007E9ABF23E735965F12082777A6C8FE33A2B0B0811AC620121027B04ACE86311E4D3F8CC488B08E97BBF9782C947A33F4E1BFBE5936ABD127A63F4E70886F161245F08B920EFBD17C75C44A08CF9CA175DEECE3F2C3C9C9EEB8EF7250269BEC013A13F7AE2EE3CB8BE952F1E1DCDEBE8FDA8B561C2DAA40FC0236CE34E9F6C9C7F601978BEE8C325E3BAA155FFA69313BEF1BFFAEAABEB764C68FA614F3826B4B6851C61B6FA96A89A76614DDB2868A8411FAA9A783BDE37C289A6451F135AB9B77CDD4F4E6AA6003C8A6DDCD1EA5F17BD48187F5FF5DF3FE16FEEB265CBFAEA7576FC9A356BF63B3BBEF98EA11BE6D37761AF6BDA4DB5127A240ED2AF3465F5AC9E9BB1EE63E52B56C14671A79A22CF8E77E1FA8909C063FAD05DEFC324277C82AFBFFEFA1DF5BA4E686767E75ED7091D77D38EDD571DC37D5FBD9AF648CF4DF4EB9A765384D00F844FF5AC9E9BB4EE6355EDAE31DE3970B8B3D66B759DD08E69CE8AAFC707EED397E79A522BA10B172EFCBB79F3E6D5E58E4971DB4E774C3AE742DE399A8B1B6BDA9AF624DB30C731843736D2756FD53313651CB7AD5E3AC44A652DEF98D4E5DDA9BD58511D143C4FE5C7367FE0724D53EA98D03C889E2AFADEF19B366D8A5DF1EE1D3FC1346D4D7B9284D021573ED5B37A66C415D189B877BC003A412A57B6C94FE8FBF970875F4CA9B3E3073E522D5DFAE8CD37DF5CE80F3A77EEDCD815BF4A590AA19A36EA593D33AE15D1EA207AC7B4B39F7434F8FBDCAAB30071C59FD11C7E31A5AE131A228D5F7CF1C5FDBDBDBD85FC904F3DF5D4C1FC2CB4F395A5A6AD69A39ED533E35A111DCF319C0268E3AD98DE58AF3B265D71C515C5DE31A962C182059D975F7E7976E8D0A109FD018F1E3D7A2AEE895A7D1921346D4D1BF5AC9EA9D98AE85802AC00DA6062A5B4FA66064D7DEFF86AF3E6CDDB73CB2DB74C64EAEE4F7FC7FEB808B1326BEEA63DCD256D50CFEA99A25744C7122805D00696DF086720102E5EBCB890D5D0254B96545F1BB5B7F01F3AD2F782050B0EAE58B162227EE0FEF403FE26CEEA1EC5B5D098C44DDBC5BD51CFEA99BAAD888E66D77CC734272135B4B82E697EFBF28150B86AD5AA090DA0AB57AFFEC0A599E20E5F755B069E3B77EEFE1FFCE007D97BEFBD57B35DF0F3E7CF8F1391763A0E54D3D6B451CFEA99BAAD88568E2115401B7F35F4F4094A3366CCC8B66EDD3A210174FBF6ED59DCC2BD2A843E5DD71F3C82684747C7B64B2EB9A4FFF9E79F1FF74948710C68EC82B702AA696BDAA867F54CDD82E850D717A54145664AD9E968F5494A711DCF5A5F1774C18205D5BBE18F364C568B938766CE9C7972D9B265EF47181DCB2EFA679E79E6401C639A9F05EF24244D5BD3463DAB678A0FA295C0D939CD9D90269DB8294DF56EF908A2B55A118D15D0EA001A7FCF686E82538F24FEEFB19A396BD6ACFEAEAEAEA38F3DF6D8C9BD7BF79E3A71E2C4C00F921EFB539A3EF1C8238F1C8C5B71C69D90227CC67540ED7ED7B4356DD4B37AA62E2A2B9FEB531F8FF7F97BA6645206D16BAA8368EC9A8F6344C773EE4E1C033A68177CAC8236F6496A718FF2347AD2D851BD449C8FBEFC3EE69BE2569CEE84A4696BDAA867F54C43AC8846C0C81C12D73C41B472D6FC962D5BC67C19A6CECECEC1F7ADEF6FF8008AA66D68DAEA593D3329C53DCBFB3B3A3A3E612A267510FDE6100B8003BBE8E3CE4A9B376F1EB8D7FCB163C70602673CC6319F1154E34E48D517A2AF3E06B4E176C1A3691B9AB67A56CF348FFCE2E79F3113935BAC66579F353FCEF1B4D571346D4D1BF5AC9E99E8107AA2B5B5F54B66A239C475444BA5D273D577561ACD883B21C585E8DBDBDBBF6E16D1B4356DD4B37AA688107ACC6ED7E613E7DFE4F79A8FD5D103E9EB138343671A6FC7F93A712F78278BA3696BDAA867F54CD121F4480AA117990940D3D6B451CFEA992243E83BA552E972330168DA9A36EA593D539814400FB4B7B72F311380A6AD69A39ED53345AE84BE11C70E9A0940D3D6B451CFEA992243E88E346E37134061D6AE5DABD16ADAEAD950CF535CB95CDE9AC6DD660228CCC68D1B4FC51D1334DBDA8C5DBB76ED484DBB4F65A967F5CC64522A957EDDDEDEFE6F660228CCBA75EBBEBB7EFDFAFE7DFBF669BA3568D83D3D3DEFA7D1A5B2D4B37A669285D0CDE572F9613301142A3599EBBABBBB8FC46E37635CA34FC356CFA3190F3EF8E0C085A2D5338D22BF98798F990080E66EF87B2384C6DD4CCC060D52938FA4F1B899008026552A95E654DD366FA919A14142E843693C6B2600A0799BFD1B5521F48819A141EAF2C7E90352AF990080E66CF41D55017460A4C67F9D99A1DECAE5F29DA91E5F331300D09C2174EFE0101AABA18E0DA50142E82DA9167F632600A0F90268C710017460B85D22F5D6DEDE7E7DA954DA6B2600A0F942E881E142681A87CD10F5D4DADA7A4DAAC337CD0400345700ED1821803A36944608A19796CBE577CD0400345708DD7BB610EA4C79EA5CA3ED69BC672600A0F99B7E661668A07ABC208DE36602008450284C6B6BEB17524DBE6F2600400885C24C9F3EFDD3A9264F9909001042A1C87AFCA334FACD040008A15098969696DF5593002084425D6A72F9F2E5E79909001042A1D09AECE8E8F89899000021148AACC953A552E993660200845028B2264FA6F13933010042281459937DA552E92B660200845028B2268FA610DA622600400885226BF2700AA173CC040008A1509872B9FC566B6BEB556602008450284CA954DADFDEDEBECC4C0080100A4586D05D2984DE6C2600400885C294CBE5D753085D692600400885C2944AA597535DDE6726004008852243E89672B9FC5333010042281419429F4C21F497660200845028B226D7A7F1A899000021148AACC95FA5B1C94C0080100A45D6E4CFD2D8622600400885226BF2BE345E32130020844261E21AA1A552699B99000021148A0CA137C75D93CC040008A15064085D16F78F371300208442615A5B5BAF2A97CB6F9909001042A130A552694EAACBC36602008450283284B6A4BA3C6A2600400885C2B4B4B47C35D5659F99000021140A532A95FE32D5E54933010042281466FAF4E97F5A2E974F9909001042A13029809E9FEAB2DF4C0080100A85696969F91D7509004228D4A52EE7CE9DFB11330100639065D987B76DDBB673D3A64DD9DAB56BB3EEEEEE861DD1EC1BF5DFD6D3D3936DD8B0A13F8D95AA6A6A29954AFDB366CDFA4333010063100174E3C68DD9FEFDFBB3BEBE3E631CE3C08103D9FAF5EBFB5320ED52595347FA70742A05D14F9909001883580115406B1B44BBBBBB5D37726A85D0F7CBE5F2E7CD04008C41EC82171E6B3B62F7BCCA9A5221F4781A179809001883084C82A310CAB842E87B69B49B09009880107AE49D3DD9B6CDF764BD3DDF1918F1753C27740AA1535DB95C7EB7B5B5F552330100350EA187DFDE9DBDB8A6337BFE978B3F30E2B9784DF01442A7B2B6B6B6375308BDC64C00408D43E8CEDE87CF08A095B1AB7795E029844E69A552696F7B7BFBF56602006A1C425F7AF4FBC386D0784DF01442A7B2B6B6B6DF94CBE55BCC0400D43884BED8BD7CD8101AAF099E42E8549602E86B69DC69260040081542294CA954EA6D6B6BFBB19900801A87D0381B7EB8101AAF099E42E8140FA1CF95CBE59F9B0900A871087DF5F115C386D0784DF01442A7B2B6B6B627D258632600A0C621F4CDDD2F642F3EB2ECCC5DF1E9B9784DF01442A778085D9BC606330100350EA1315E7FE6BE3342683C27740AA14268DBAA349E36130050EB107AFC78F6EA132BCFDC159F9E8BD7044F21748A87D09F944AA517CC0400D43084C61D91B63E7EFBB0C784C66BEE9A24844E65E572F9EE14445F311300508B107AFC78B6E7D575D9AF572F19368056467C4F7CAF555121742A4A01F4F634B69B09001867083DDBEAA755512194FF572E976F4C21F40D330100E30CA1A359FD1C695554081542A792F6F6F625A552E9809900807186D0730DA09521840AA153490AA097B7B5B5BD632600609C21D4104219BDD6D6D68B52083D62260040086DE8109A024B8763089B2A847E33BD9FC7CC040008A10D1942F3F0B9378D2C86EA6B0E175E78E197D3FB79C24C008010DA50217470F814429B4B4B4BCB67D3FB79D24C008010DA1021B4542ACD89DDEE83C3A710DA5CD2FBFCC7E9FDEC3713002084D63D840EB5F2298436A7969696DFF77E028010DA2821D49862C3D6040084D086D81DDFDADA7A4D0A2787851600800608A1E9AF1D7214F57A1D4E4C5A9AC6BB422800409D43E848CF4DF4EBF5BA4453BE32FAAE100A0008A142683D2E561F2BA387551F0020840AA16EDB090020840AA1000042A8102A84020008A14228008010EA124D422800402387D0A972B17A0000845021140040081542010084504308050010428550000021D4104201008450211400400835845000002154080500104285500000845021140040081542010084504308050010428550000021D410420100CED9DAB56B0547211400A0581B376E3CB57FFF7EE1B14663D7AE5D3B5208ED535900002358B76EDD77D7AF5FDFBF6FDF3E21B20601B4A7A7E7FD34BA541600C059A4D0745D7777F791D88D6C8C6BF409A00000000000000000000000000000000000000000000000008CC9FF014E1D36572AC0082D0000000049454E44AE426082, 1);

-- ----------------------------
-- Table structure for act_ge_property
-- ----------------------------
DROP TABLE IF EXISTS `act_ge_property`;
CREATE TABLE `act_ge_property`  (
  `NAME_` varchar(64) CHARACTER SET utf8 COLLATE utf8_bin NOT NULL,
  `VALUE_` varchar(300) CHARACTER SET utf8 COLLATE utf8_bin NULL DEFAULT NULL,
  `REV_` int NULL DEFAULT NULL,
  PRIMARY KEY (`NAME_`) USING BTREE
) ENGINE = InnoDB CHARACTER SET = utf8 COLLATE = utf8_bin ROW_FORMAT = DYNAMIC;

-- ----------------------------
-- Records of act_ge_property
-- ----------------------------
INSERT INTO `act_ge_property` VALUES ('cfg.execution-related-entities-count', 'false', 1);
INSERT INTO `act_ge_property` VALUES ('next.dbid', '2501', 2);
INSERT INTO `act_ge_property` VALUES ('schema.history', 'create(6.0.0.4)', 1);
INSERT INTO `act_ge_property` VALUES ('schema.version', '6.0.0.4', 1);

-- ----------------------------
-- Table structure for act_hi_actinst
-- ----------------------------
DROP TABLE IF EXISTS `act_hi_actinst`;
CREATE TABLE `act_hi_actinst`  (
  `ID_` varchar(64) CHARACTER SET utf8 COLLATE utf8_bin NOT NULL,
  `PROC_DEF_ID_` varchar(64) CHARACTER SET utf8 COLLATE utf8_bin NOT NULL,
  `PROC_INST_ID_` varchar(64) CHARACTER SET utf8 COLLATE utf8_bin NOT NULL,
  `EXECUTION_ID_` varchar(64) CHARACTER SET utf8 COLLATE utf8_bin NOT NULL,
  `ACT_ID_` varchar(255) CHARACTER SET utf8 COLLATE utf8_bin NOT NULL,
  `TASK_ID_` varchar(64) CHARACTER SET utf8 COLLATE utf8_bin NULL DEFAULT NULL,
  `CALL_PROC_INST_ID_` varchar(64) CHARACTER SET utf8 COLLATE utf8_bin NULL DEFAULT NULL,
  `ACT_NAME_` varchar(255) CHARACTER SET utf8 COLLATE utf8_bin NULL DEFAULT NULL,
  `ACT_TYPE_` varchar(255) CHARACTER SET utf8 COLLATE utf8_bin NOT NULL,
  `ASSIGNEE_` varchar(255) CHARACTER SET utf8 COLLATE utf8_bin NULL DEFAULT NULL,
  `START_TIME_` datetime(3) NOT NULL,
  `END_TIME_` datetime(3) NULL DEFAULT NULL,
  `DURATION_` bigint NULL DEFAULT NULL,
  `DELETE_REASON_` varchar(4000) CHARACTER SET utf8 COLLATE utf8_bin NULL DEFAULT NULL,
  `TENANT_ID_` varchar(255) CHARACTER SET utf8 COLLATE utf8_bin NULL DEFAULT '',
  PRIMARY KEY (`ID_`) USING BTREE,
  INDEX `ACT_IDX_HI_ACT_INST_START`(`START_TIME_`) USING BTREE,
  INDEX `ACT_IDX_HI_ACT_INST_END`(`END_TIME_`) USING BTREE,
  INDEX `ACT_IDX_HI_ACT_INST_PROCINST`(`PROC_INST_ID_`, `ACT_ID_`) USING BTREE,
  INDEX `ACT_IDX_HI_ACT_INST_EXEC`(`EXECUTION_ID_`, `ACT_ID_`) USING BTREE
) ENGINE = InnoDB CHARACTER SET = utf8 COLLATE = utf8_bin ROW_FORMAT = DYNAMIC;

-- ----------------------------
-- Records of act_hi_actinst
-- ----------------------------

-- ----------------------------
-- Table structure for act_hi_attachment
-- ----------------------------
DROP TABLE IF EXISTS `act_hi_attachment`;
CREATE TABLE `act_hi_attachment`  (
  `ID_` varchar(64) CHARACTER SET utf8 COLLATE utf8_bin NOT NULL,
  `REV_` int NULL DEFAULT NULL,
  `USER_ID_` varchar(255) CHARACTER SET utf8 COLLATE utf8_bin NULL DEFAULT NULL,
  `NAME_` varchar(255) CHARACTER SET utf8 COLLATE utf8_bin NULL DEFAULT NULL,
  `DESCRIPTION_` varchar(4000) CHARACTER SET utf8 COLLATE utf8_bin NULL DEFAULT NULL,
  `TYPE_` varchar(255) CHARACTER SET utf8 COLLATE utf8_bin NULL DEFAULT NULL,
  `TASK_ID_` varchar(64) CHARACTER SET utf8 COLLATE utf8_bin NULL DEFAULT NULL,
  `PROC_INST_ID_` varchar(64) CHARACTER SET utf8 COLLATE utf8_bin NULL DEFAULT NULL,
  `URL_` varchar(4000) CHARACTER SET utf8 COLLATE utf8_bin NULL DEFAULT NULL,
  `CONTENT_ID_` varchar(64) CHARACTER SET utf8 COLLATE utf8_bin NULL DEFAULT NULL,
  `TIME_` datetime(3) NULL DEFAULT NULL,
  PRIMARY KEY (`ID_`) USING BTREE
) ENGINE = InnoDB CHARACTER SET = utf8 COLLATE = utf8_bin ROW_FORMAT = DYNAMIC;

-- ----------------------------
-- Records of act_hi_attachment
-- ----------------------------

-- ----------------------------
-- Table structure for act_hi_comment
-- ----------------------------
DROP TABLE IF EXISTS `act_hi_comment`;
CREATE TABLE `act_hi_comment`  (
  `ID_` varchar(64) CHARACTER SET utf8 COLLATE utf8_bin NOT NULL,
  `TYPE_` varchar(255) CHARACTER SET utf8 COLLATE utf8_bin NULL DEFAULT NULL,
  `TIME_` datetime(3) NOT NULL,
  `USER_ID_` varchar(255) CHARACTER SET utf8 COLLATE utf8_bin NULL DEFAULT NULL,
  `TASK_ID_` varchar(64) CHARACTER SET utf8 COLLATE utf8_bin NULL DEFAULT NULL,
  `PROC_INST_ID_` varchar(64) CHARACTER SET utf8 COLLATE utf8_bin NULL DEFAULT NULL,
  `ACTION_` varchar(255) CHARACTER SET utf8 COLLATE utf8_bin NULL DEFAULT NULL,
  `MESSAGE_` varchar(4000) CHARACTER SET utf8 COLLATE utf8_bin NULL DEFAULT NULL,
  `FULL_MSG_` longblob NULL,
  PRIMARY KEY (`ID_`) USING BTREE
) ENGINE = InnoDB CHARACTER SET = utf8 COLLATE = utf8_bin ROW_FORMAT = DYNAMIC;

-- ----------------------------
-- Records of act_hi_comment
-- ----------------------------

-- ----------------------------
-- Table structure for act_hi_detail
-- ----------------------------
DROP TABLE IF EXISTS `act_hi_detail`;
CREATE TABLE `act_hi_detail`  (
  `ID_` varchar(64) CHARACTER SET utf8 COLLATE utf8_bin NOT NULL,
  `TYPE_` varchar(255) CHARACTER SET utf8 COLLATE utf8_bin NOT NULL,
  `PROC_INST_ID_` varchar(64) CHARACTER SET utf8 COLLATE utf8_bin NULL DEFAULT NULL,
  `EXECUTION_ID_` varchar(64) CHARACTER SET utf8 COLLATE utf8_bin NULL DEFAULT NULL,
  `TASK_ID_` varchar(64) CHARACTER SET utf8 COLLATE utf8_bin NULL DEFAULT NULL,
  `ACT_INST_ID_` varchar(64) CHARACTER SET utf8 COLLATE utf8_bin NULL DEFAULT NULL,
  `NAME_` varchar(255) CHARACTER SET utf8 COLLATE utf8_bin NOT NULL,
  `VAR_TYPE_` varchar(255) CHARACTER SET utf8 COLLATE utf8_bin NULL DEFAULT NULL,
  `REV_` int NULL DEFAULT NULL,
  `TIME_` datetime(3) NOT NULL,
  `BYTEARRAY_ID_` varchar(64) CHARACTER SET utf8 COLLATE utf8_bin NULL DEFAULT NULL,
  `DOUBLE_` double NULL DEFAULT NULL,
  `LONG_` bigint NULL DEFAULT NULL,
  `TEXT_` varchar(4000) CHARACTER SET utf8 COLLATE utf8_bin NULL DEFAULT NULL,
  `TEXT2_` varchar(4000) CHARACTER SET utf8 COLLATE utf8_bin NULL DEFAULT NULL,
  PRIMARY KEY (`ID_`) USING BTREE,
  INDEX `ACT_IDX_HI_DETAIL_PROC_INST`(`PROC_INST_ID_`) USING BTREE,
  INDEX `ACT_IDX_HI_DETAIL_ACT_INST`(`ACT_INST_ID_`) USING BTREE,
  INDEX `ACT_IDX_HI_DETAIL_TIME`(`TIME_`) USING BTREE,
  INDEX `ACT_IDX_HI_DETAIL_NAME`(`NAME_`) USING BTREE,
  INDEX `ACT_IDX_HI_DETAIL_TASK_ID`(`TASK_ID_`) USING BTREE
) ENGINE = InnoDB CHARACTER SET = utf8 COLLATE = utf8_bin ROW_FORMAT = DYNAMIC;

-- ----------------------------
-- Records of act_hi_detail
-- ----------------------------

-- ----------------------------
-- Table structure for act_hi_identitylink
-- ----------------------------
DROP TABLE IF EXISTS `act_hi_identitylink`;
CREATE TABLE `act_hi_identitylink`  (
  `ID_` varchar(64) CHARACTER SET utf8 COLLATE utf8_bin NOT NULL,
  `GROUP_ID_` varchar(255) CHARACTER SET utf8 COLLATE utf8_bin NULL DEFAULT NULL,
  `TYPE_` varchar(255) CHARACTER SET utf8 COLLATE utf8_bin NULL DEFAULT NULL,
  `USER_ID_` varchar(255) CHARACTER SET utf8 COLLATE utf8_bin NULL DEFAULT NULL,
  `TASK_ID_` varchar(64) CHARACTER SET utf8 COLLATE utf8_bin NULL DEFAULT NULL,
  `PROC_INST_ID_` varchar(64) CHARACTER SET utf8 COLLATE utf8_bin NULL DEFAULT NULL,
  PRIMARY KEY (`ID_`) USING BTREE,
  INDEX `ACT_IDX_HI_IDENT_LNK_USER`(`USER_ID_`) USING BTREE,
  INDEX `ACT_IDX_HI_IDENT_LNK_TASK`(`TASK_ID_`) USING BTREE,
  INDEX `ACT_IDX_HI_IDENT_LNK_PROCINST`(`PROC_INST_ID_`) USING BTREE
) ENGINE = InnoDB CHARACTER SET = utf8 COLLATE = utf8_bin ROW_FORMAT = DYNAMIC;

-- ----------------------------
-- Records of act_hi_identitylink
-- ----------------------------

-- ----------------------------
-- Table structure for act_hi_procinst
-- ----------------------------
DROP TABLE IF EXISTS `act_hi_procinst`;
CREATE TABLE `act_hi_procinst`  (
  `ID_` varchar(64) CHARACTER SET utf8 COLLATE utf8_bin NOT NULL,
  `PROC_INST_ID_` varchar(64) CHARACTER SET utf8 COLLATE utf8_bin NOT NULL,
  `BUSINESS_KEY_` varchar(255) CHARACTER SET utf8 COLLATE utf8_bin NULL DEFAULT NULL,
  `PROC_DEF_ID_` varchar(64) CHARACTER SET utf8 COLLATE utf8_bin NOT NULL,
  `START_TIME_` datetime(3) NOT NULL,
  `END_TIME_` datetime(3) NULL DEFAULT NULL,
  `DURATION_` bigint NULL DEFAULT NULL,
  `START_USER_ID_` varchar(255) CHARACTER SET utf8 COLLATE utf8_bin NULL DEFAULT NULL,
  `START_ACT_ID_` varchar(255) CHARACTER SET utf8 COLLATE utf8_bin NULL DEFAULT NULL,
  `END_ACT_ID_` varchar(255) CHARACTER SET utf8 COLLATE utf8_bin NULL DEFAULT NULL,
  `SUPER_PROCESS_INSTANCE_ID_` varchar(64) CHARACTER SET utf8 COLLATE utf8_bin NULL DEFAULT NULL,
  `DELETE_REASON_` varchar(4000) CHARACTER SET utf8 COLLATE utf8_bin NULL DEFAULT NULL,
  `TENANT_ID_` varchar(255) CHARACTER SET utf8 COLLATE utf8_bin NULL DEFAULT '',
  `NAME_` varchar(255) CHARACTER SET utf8 COLLATE utf8_bin NULL DEFAULT NULL,
  PRIMARY KEY (`ID_`) USING BTREE,
  UNIQUE INDEX `PROC_INST_ID_`(`PROC_INST_ID_`) USING BTREE,
  INDEX `ACT_IDX_HI_PRO_INST_END`(`END_TIME_`) USING BTREE,
  INDEX `ACT_IDX_HI_PRO_I_BUSKEY`(`BUSINESS_KEY_`) USING BTREE
) ENGINE = InnoDB CHARACTER SET = utf8 COLLATE = utf8_bin ROW_FORMAT = DYNAMIC;

-- ----------------------------
-- Records of act_hi_procinst
-- ----------------------------

-- ----------------------------
-- Table structure for act_hi_taskinst
-- ----------------------------
DROP TABLE IF EXISTS `act_hi_taskinst`;
CREATE TABLE `act_hi_taskinst`  (
  `ID_` varchar(64) CHARACTER SET utf8 COLLATE utf8_bin NOT NULL,
  `PROC_DEF_ID_` varchar(64) CHARACTER SET utf8 COLLATE utf8_bin NULL DEFAULT NULL,
  `TASK_DEF_KEY_` varchar(255) CHARACTER SET utf8 COLLATE utf8_bin NULL DEFAULT NULL,
  `PROC_INST_ID_` varchar(64) CHARACTER SET utf8 COLLATE utf8_bin NULL DEFAULT NULL,
  `EXECUTION_ID_` varchar(64) CHARACTER SET utf8 COLLATE utf8_bin NULL DEFAULT NULL,
  `NAME_` varchar(255) CHARACTER SET utf8 COLLATE utf8_bin NULL DEFAULT NULL,
  `PARENT_TASK_ID_` varchar(64) CHARACTER SET utf8 COLLATE utf8_bin NULL DEFAULT NULL,
  `DESCRIPTION_` varchar(4000) CHARACTER SET utf8 COLLATE utf8_bin NULL DEFAULT NULL,
  `OWNER_` varchar(255) CHARACTER SET utf8 COLLATE utf8_bin NULL DEFAULT NULL,
  `ASSIGNEE_` varchar(255) CHARACTER SET utf8 COLLATE utf8_bin NULL DEFAULT NULL,
  `START_TIME_` datetime(3) NOT NULL,
  `CLAIM_TIME_` datetime(3) NULL DEFAULT NULL,
  `END_TIME_` datetime(3) NULL DEFAULT NULL,
  `DURATION_` bigint NULL DEFAULT NULL,
  `DELETE_REASON_` varchar(4000) CHARACTER SET utf8 COLLATE utf8_bin NULL DEFAULT NULL,
  `PRIORITY_` int NULL DEFAULT NULL,
  `DUE_DATE_` datetime(3) NULL DEFAULT NULL,
  `FORM_KEY_` varchar(255) CHARACTER SET utf8 COLLATE utf8_bin NULL DEFAULT NULL,
  `CATEGORY_` varchar(255) CHARACTER SET utf8 COLLATE utf8_bin NULL DEFAULT NULL,
  `TENANT_ID_` varchar(255) CHARACTER SET utf8 COLLATE utf8_bin NULL DEFAULT '',
  PRIMARY KEY (`ID_`) USING BTREE,
  INDEX `ACT_IDX_HI_TASK_INST_PROCINST`(`PROC_INST_ID_`) USING BTREE
) ENGINE = InnoDB CHARACTER SET = utf8 COLLATE = utf8_bin ROW_FORMAT = DYNAMIC;

-- ----------------------------
-- Records of act_hi_taskinst
-- ----------------------------

-- ----------------------------
-- Table structure for act_hi_varinst
-- ----------------------------
DROP TABLE IF EXISTS `act_hi_varinst`;
CREATE TABLE `act_hi_varinst`  (
  `ID_` varchar(64) CHARACTER SET utf8 COLLATE utf8_bin NOT NULL,
  `PROC_INST_ID_` varchar(64) CHARACTER SET utf8 COLLATE utf8_bin NULL DEFAULT NULL,
  `EXECUTION_ID_` varchar(64) CHARACTER SET utf8 COLLATE utf8_bin NULL DEFAULT NULL,
  `TASK_ID_` varchar(64) CHARACTER SET utf8 COLLATE utf8_bin NULL DEFAULT NULL,
  `NAME_` varchar(255) CHARACTER SET utf8 COLLATE utf8_bin NOT NULL,
  `VAR_TYPE_` varchar(100) CHARACTER SET utf8 COLLATE utf8_bin NULL DEFAULT NULL,
  `REV_` int NULL DEFAULT NULL,
  `BYTEARRAY_ID_` varchar(64) CHARACTER SET utf8 COLLATE utf8_bin NULL DEFAULT NULL,
  `DOUBLE_` double NULL DEFAULT NULL,
  `LONG_` bigint NULL DEFAULT NULL,
  `TEXT_` varchar(4000) CHARACTER SET utf8 COLLATE utf8_bin NULL DEFAULT NULL,
  `TEXT2_` varchar(4000) CHARACTER SET utf8 COLLATE utf8_bin NULL DEFAULT NULL,
  `CREATE_TIME_` datetime(3) NULL DEFAULT NULL,
  `LAST_UPDATED_TIME_` datetime(3) NULL DEFAULT NULL,
  PRIMARY KEY (`ID_`) USING BTREE,
  INDEX `ACT_IDX_HI_PROCVAR_PROC_INST`(`PROC_INST_ID_`) USING BTREE,
  INDEX `ACT_IDX_HI_PROCVAR_NAME_TYPE`(`NAME_`, `VAR_TYPE_`) USING BTREE,
  INDEX `ACT_IDX_HI_PROCVAR_TASK_ID`(`TASK_ID_`) USING BTREE
) ENGINE = InnoDB CHARACTER SET = utf8 COLLATE = utf8_bin ROW_FORMAT = DYNAMIC;

-- ----------------------------
-- Records of act_hi_varinst
-- ----------------------------

-- ----------------------------
-- Table structure for act_id_group
-- ----------------------------
DROP TABLE IF EXISTS `act_id_group`;
CREATE TABLE `act_id_group`  (
  `ID_` varchar(64) CHARACTER SET utf8 COLLATE utf8_bin NOT NULL,
  `REV_` int NULL DEFAULT NULL,
  `NAME_` varchar(255) CHARACTER SET utf8 COLLATE utf8_bin NULL DEFAULT NULL,
  `TYPE_` varchar(255) CHARACTER SET utf8 COLLATE utf8_bin NULL DEFAULT NULL,
  PRIMARY KEY (`ID_`) USING BTREE
) ENGINE = InnoDB CHARACTER SET = utf8 COLLATE = utf8_bin ROW_FORMAT = DYNAMIC;

-- ----------------------------
-- Records of act_id_group
-- ----------------------------

-- ----------------------------
-- Table structure for act_id_info
-- ----------------------------
DROP TABLE IF EXISTS `act_id_info`;
CREATE TABLE `act_id_info`  (
  `ID_` varchar(64) CHARACTER SET utf8 COLLATE utf8_bin NOT NULL,
  `REV_` int NULL DEFAULT NULL,
  `USER_ID_` varchar(64) CHARACTER SET utf8 COLLATE utf8_bin NULL DEFAULT NULL,
  `TYPE_` varchar(64) CHARACTER SET utf8 COLLATE utf8_bin NULL DEFAULT NULL,
  `KEY_` varchar(255) CHARACTER SET utf8 COLLATE utf8_bin NULL DEFAULT NULL,
  `VALUE_` varchar(255) CHARACTER SET utf8 COLLATE utf8_bin NULL DEFAULT NULL,
  `PASSWORD_` longblob NULL,
  `PARENT_ID_` varchar(255) CHARACTER SET utf8 COLLATE utf8_bin NULL DEFAULT NULL,
  PRIMARY KEY (`ID_`) USING BTREE
) ENGINE = InnoDB CHARACTER SET = utf8 COLLATE = utf8_bin ROW_FORMAT = DYNAMIC;

-- ----------------------------
-- Records of act_id_info
-- ----------------------------

-- ----------------------------
-- Table structure for act_id_membership
-- ----------------------------
DROP TABLE IF EXISTS `act_id_membership`;
CREATE TABLE `act_id_membership`  (
  `USER_ID_` varchar(64) CHARACTER SET utf8 COLLATE utf8_bin NOT NULL,
  `GROUP_ID_` varchar(64) CHARACTER SET utf8 COLLATE utf8_bin NOT NULL,
  PRIMARY KEY (`USER_ID_`, `GROUP_ID_`) USING BTREE,
  INDEX `ACT_FK_MEMB_GROUP`(`GROUP_ID_`) USING BTREE,
  CONSTRAINT `ACT_FK_MEMB_GROUP` FOREIGN KEY (`GROUP_ID_`) REFERENCES `act_id_group` (`ID_`) ON DELETE RESTRICT ON UPDATE RESTRICT,
  CONSTRAINT `ACT_FK_MEMB_USER` FOREIGN KEY (`USER_ID_`) REFERENCES `act_id_user` (`ID_`) ON DELETE RESTRICT ON UPDATE RESTRICT
) ENGINE = InnoDB CHARACTER SET = utf8 COLLATE = utf8_bin ROW_FORMAT = DYNAMIC;

-- ----------------------------
-- Records of act_id_membership
-- ----------------------------

-- ----------------------------
-- Table structure for act_id_user
-- ----------------------------
DROP TABLE IF EXISTS `act_id_user`;
CREATE TABLE `act_id_user`  (
  `ID_` varchar(64) CHARACTER SET utf8 COLLATE utf8_bin NOT NULL,
  `REV_` int NULL DEFAULT NULL,
  `FIRST_` varchar(255) CHARACTER SET utf8 COLLATE utf8_bin NULL DEFAULT NULL,
  `LAST_` varchar(255) CHARACTER SET utf8 COLLATE utf8_bin NULL DEFAULT NULL,
  `EMAIL_` varchar(255) CHARACTER SET utf8 COLLATE utf8_bin NULL DEFAULT NULL,
  `PWD_` varchar(255) CHARACTER SET utf8 COLLATE utf8_bin NULL DEFAULT NULL,
  `PICTURE_ID_` varchar(64) CHARACTER SET utf8 COLLATE utf8_bin NULL DEFAULT NULL,
  PRIMARY KEY (`ID_`) USING BTREE
) ENGINE = InnoDB CHARACTER SET = utf8 COLLATE = utf8_bin ROW_FORMAT = DYNAMIC;

-- ----------------------------
-- Records of act_id_user
-- ----------------------------

-- ----------------------------
-- Table structure for act_procdef_info
-- ----------------------------
DROP TABLE IF EXISTS `act_procdef_info`;
CREATE TABLE `act_procdef_info`  (
  `ID_` varchar(64) CHARACTER SET utf8 COLLATE utf8_bin NOT NULL,
  `PROC_DEF_ID_` varchar(64) CHARACTER SET utf8 COLLATE utf8_bin NOT NULL,
  `REV_` int NULL DEFAULT NULL,
  `INFO_JSON_ID_` varchar(64) CHARACTER SET utf8 COLLATE utf8_bin NULL DEFAULT NULL,
  PRIMARY KEY (`ID_`) USING BTREE,
  UNIQUE INDEX `ACT_UNIQ_INFO_PROCDEF`(`PROC_DEF_ID_`) USING BTREE,
  INDEX `ACT_IDX_INFO_PROCDEF`(`PROC_DEF_ID_`) USING BTREE,
  INDEX `ACT_FK_INFO_JSON_BA`(`INFO_JSON_ID_`) USING BTREE,
  CONSTRAINT `ACT_FK_INFO_JSON_BA` FOREIGN KEY (`INFO_JSON_ID_`) REFERENCES `act_ge_bytearray` (`ID_`) ON DELETE RESTRICT ON UPDATE RESTRICT,
  CONSTRAINT `ACT_FK_INFO_PROCDEF` FOREIGN KEY (`PROC_DEF_ID_`) REFERENCES `act_re_procdef` (`ID_`) ON DELETE RESTRICT ON UPDATE RESTRICT
) ENGINE = InnoDB CHARACTER SET = utf8 COLLATE = utf8_bin ROW_FORMAT = DYNAMIC;

-- ----------------------------
-- Records of act_procdef_info
-- ----------------------------

-- ----------------------------
-- Table structure for act_re_deployment
-- ----------------------------
DROP TABLE IF EXISTS `act_re_deployment`;
CREATE TABLE `act_re_deployment`  (
  `ID_` varchar(64) CHARACTER SET utf8 COLLATE utf8_bin NOT NULL,
  `NAME_` varchar(255) CHARACTER SET utf8 COLLATE utf8_bin NULL DEFAULT NULL,
  `CATEGORY_` varchar(255) CHARACTER SET utf8 COLLATE utf8_bin NULL DEFAULT NULL,
  `KEY_` varchar(255) CHARACTER SET utf8 COLLATE utf8_bin NULL DEFAULT NULL,
  `TENANT_ID_` varchar(255) CHARACTER SET utf8 COLLATE utf8_bin NULL DEFAULT '',
  `DEPLOY_TIME_` timestamp(3) NULL DEFAULT NULL,
  `ENGINE_VERSION_` varchar(255) CHARACTER SET utf8 COLLATE utf8_bin NULL DEFAULT NULL,
  PRIMARY KEY (`ID_`) USING BTREE
) ENGINE = InnoDB CHARACTER SET = utf8 COLLATE = utf8_bin ROW_FORMAT = DYNAMIC;

-- ----------------------------
-- Records of act_re_deployment
-- ----------------------------
INSERT INTO `act_re_deployment` VALUES ('1', 'SpringAutoDeployment', NULL, NULL, '', '2021-01-26 15:43:43.354', NULL);

-- ----------------------------
-- Table structure for act_re_model
-- ----------------------------
DROP TABLE IF EXISTS `act_re_model`;
CREATE TABLE `act_re_model`  (
  `ID_` varchar(64) CHARACTER SET utf8 COLLATE utf8_bin NOT NULL,
  `REV_` int NULL DEFAULT NULL,
  `NAME_` varchar(255) CHARACTER SET utf8 COLLATE utf8_bin NULL DEFAULT NULL,
  `KEY_` varchar(255) CHARACTER SET utf8 COLLATE utf8_bin NULL DEFAULT NULL,
  `CATEGORY_` varchar(255) CHARACTER SET utf8 COLLATE utf8_bin NULL DEFAULT NULL,
  `CREATE_TIME_` timestamp(3) NULL DEFAULT NULL,
  `LAST_UPDATE_TIME_` timestamp(3) NULL DEFAULT NULL,
  `VERSION_` int NULL DEFAULT NULL,
  `META_INFO_` varchar(4000) CHARACTER SET utf8 COLLATE utf8_bin NULL DEFAULT NULL,
  `DEPLOYMENT_ID_` varchar(64) CHARACTER SET utf8 COLLATE utf8_bin NULL DEFAULT NULL,
  `EDITOR_SOURCE_VALUE_ID_` varchar(64) CHARACTER SET utf8 COLLATE utf8_bin NULL DEFAULT NULL,
  `EDITOR_SOURCE_EXTRA_VALUE_ID_` varchar(64) CHARACTER SET utf8 COLLATE utf8_bin NULL DEFAULT NULL,
  `TENANT_ID_` varchar(255) CHARACTER SET utf8 COLLATE utf8_bin NULL DEFAULT '',
  PRIMARY KEY (`ID_`) USING BTREE,
  INDEX `ACT_FK_MODEL_SOURCE`(`EDITOR_SOURCE_VALUE_ID_`) USING BTREE,
  INDEX `ACT_FK_MODEL_SOURCE_EXTRA`(`EDITOR_SOURCE_EXTRA_VALUE_ID_`) USING BTREE,
  INDEX `ACT_FK_MODEL_DEPLOYMENT`(`DEPLOYMENT_ID_`) USING BTREE,
  CONSTRAINT `ACT_FK_MODEL_DEPLOYMENT` FOREIGN KEY (`DEPLOYMENT_ID_`) REFERENCES `act_re_deployment` (`ID_`) ON DELETE RESTRICT ON UPDATE RESTRICT,
  CONSTRAINT `ACT_FK_MODEL_SOURCE` FOREIGN KEY (`EDITOR_SOURCE_VALUE_ID_`) REFERENCES `act_ge_bytearray` (`ID_`) ON DELETE RESTRICT ON UPDATE RESTRICT,
  CONSTRAINT `ACT_FK_MODEL_SOURCE_EXTRA` FOREIGN KEY (`EDITOR_SOURCE_EXTRA_VALUE_ID_`) REFERENCES `act_ge_bytearray` (`ID_`) ON DELETE RESTRICT ON UPDATE RESTRICT
) ENGINE = InnoDB CHARACTER SET = utf8 COLLATE = utf8_bin ROW_FORMAT = DYNAMIC;

-- ----------------------------
-- Records of act_re_model
-- ----------------------------

-- ----------------------------
-- Table structure for act_re_procdef
-- ----------------------------
DROP TABLE IF EXISTS `act_re_procdef`;
CREATE TABLE `act_re_procdef`  (
  `ID_` varchar(64) CHARACTER SET utf8 COLLATE utf8_bin NOT NULL,
  `REV_` int NULL DEFAULT NULL,
  `CATEGORY_` varchar(255) CHARACTER SET utf8 COLLATE utf8_bin NULL DEFAULT NULL,
  `NAME_` varchar(255) CHARACTER SET utf8 COLLATE utf8_bin NULL DEFAULT NULL,
  `KEY_` varchar(255) CHARACTER SET utf8 COLLATE utf8_bin NOT NULL,
  `VERSION_` int NOT NULL,
  `DEPLOYMENT_ID_` varchar(64) CHARACTER SET utf8 COLLATE utf8_bin NULL DEFAULT NULL,
  `RESOURCE_NAME_` varchar(4000) CHARACTER SET utf8 COLLATE utf8_bin NULL DEFAULT NULL,
  `DGRM_RESOURCE_NAME_` varchar(4000) CHARACTER SET utf8 COLLATE utf8_bin NULL DEFAULT NULL,
  `DESCRIPTION_` varchar(4000) CHARACTER SET utf8 COLLATE utf8_bin NULL DEFAULT NULL,
  `HAS_START_FORM_KEY_` tinyint NULL DEFAULT NULL,
  `HAS_GRAPHICAL_NOTATION_` tinyint NULL DEFAULT NULL,
  `SUSPENSION_STATE_` int NULL DEFAULT NULL,
  `TENANT_ID_` varchar(255) CHARACTER SET utf8 COLLATE utf8_bin NULL DEFAULT '',
  `ENGINE_VERSION_` varchar(255) CHARACTER SET utf8 COLLATE utf8_bin NULL DEFAULT NULL,
  PRIMARY KEY (`ID_`) USING BTREE,
  UNIQUE INDEX `ACT_UNIQ_PROCDEF`(`KEY_`, `VERSION_`, `TENANT_ID_`) USING BTREE
) ENGINE = InnoDB CHARACTER SET = utf8 COLLATE = utf8_bin ROW_FORMAT = DYNAMIC;

-- ----------------------------
-- Records of act_re_procdef
-- ----------------------------
INSERT INTO `act_re_procdef` VALUES ('leave:1:7', 1, 'http://www.activiti.org/testm1510735932336', NULL, 'leave', 1, '1', 'D:\\distribute\\target\\classes\\processes\\test.bpmn', 'D:\\distribute\\target\\classes\\processes\\test.leave.png', NULL, 0, 1, 1, '', NULL);
INSERT INTO `act_re_procdef` VALUES ('myProcess_1:1:6', 1, 'http://www.activiti.org/testm1553149164893', NULL, 'myProcess_1', 1, '1', 'D:\\distribute\\target\\classes\\processes\\leave.bpmn', 'D:\\distribute\\target\\classes\\processes\\leave.myProcess_1.png', NULL, 0, 1, 1, '', NULL);

-- ----------------------------
-- Table structure for act_ru_deadletter_job
-- ----------------------------
DROP TABLE IF EXISTS `act_ru_deadletter_job`;
CREATE TABLE `act_ru_deadletter_job`  (
  `ID_` varchar(64) CHARACTER SET utf8 COLLATE utf8_bin NOT NULL,
  `REV_` int NULL DEFAULT NULL,
  `TYPE_` varchar(255) CHARACTER SET utf8 COLLATE utf8_bin NOT NULL,
  `EXCLUSIVE_` tinyint(1) NULL DEFAULT NULL,
  `EXECUTION_ID_` varchar(64) CHARACTER SET utf8 COLLATE utf8_bin NULL DEFAULT NULL,
  `PROCESS_INSTANCE_ID_` varchar(64) CHARACTER SET utf8 COLLATE utf8_bin NULL DEFAULT NULL,
  `PROC_DEF_ID_` varchar(64) CHARACTER SET utf8 COLLATE utf8_bin NULL DEFAULT NULL,
  `EXCEPTION_STACK_ID_` varchar(64) CHARACTER SET utf8 COLLATE utf8_bin NULL DEFAULT NULL,
  `EXCEPTION_MSG_` varchar(4000) CHARACTER SET utf8 COLLATE utf8_bin NULL DEFAULT NULL,
  `DUEDATE_` timestamp(3) NULL DEFAULT NULL,
  `REPEAT_` varchar(255) CHARACTER SET utf8 COLLATE utf8_bin NULL DEFAULT NULL,
  `HANDLER_TYPE_` varchar(255) CHARACTER SET utf8 COLLATE utf8_bin NULL DEFAULT NULL,
  `HANDLER_CFG_` varchar(4000) CHARACTER SET utf8 COLLATE utf8_bin NULL DEFAULT NULL,
  `TENANT_ID_` varchar(255) CHARACTER SET utf8 COLLATE utf8_bin NULL DEFAULT '',
  PRIMARY KEY (`ID_`) USING BTREE,
  INDEX `ACT_FK_DEADLETTER_JOB_EXECUTION`(`EXECUTION_ID_`) USING BTREE,
  INDEX `ACT_FK_DEADLETTER_JOB_PROCESS_INSTANCE`(`PROCESS_INSTANCE_ID_`) USING BTREE,
  INDEX `ACT_FK_DEADLETTER_JOB_PROC_DEF`(`PROC_DEF_ID_`) USING BTREE,
  INDEX `ACT_FK_DEADLETTER_JOB_EXCEPTION`(`EXCEPTION_STACK_ID_`) USING BTREE,
  CONSTRAINT `ACT_FK_DEADLETTER_JOB_EXCEPTION` FOREIGN KEY (`EXCEPTION_STACK_ID_`) REFERENCES `act_ge_bytearray` (`ID_`) ON DELETE RESTRICT ON UPDATE RESTRICT,
  CONSTRAINT `ACT_FK_DEADLETTER_JOB_EXECUTION` FOREIGN KEY (`EXECUTION_ID_`) REFERENCES `act_ru_execution` (`ID_`) ON DELETE RESTRICT ON UPDATE RESTRICT,
  CONSTRAINT `ACT_FK_DEADLETTER_JOB_PROC_DEF` FOREIGN KEY (`PROC_DEF_ID_`) REFERENCES `act_re_procdef` (`ID_`) ON DELETE RESTRICT ON UPDATE RESTRICT,
  CONSTRAINT `ACT_FK_DEADLETTER_JOB_PROCESS_INSTANCE` FOREIGN KEY (`PROCESS_INSTANCE_ID_`) REFERENCES `act_ru_execution` (`ID_`) ON DELETE RESTRICT ON UPDATE RESTRICT
) ENGINE = InnoDB CHARACTER SET = utf8 COLLATE = utf8_bin ROW_FORMAT = DYNAMIC;

-- ----------------------------
-- Records of act_ru_deadletter_job
-- ----------------------------

-- ----------------------------
-- Table structure for act_ru_event_subscr
-- ----------------------------
DROP TABLE IF EXISTS `act_ru_event_subscr`;
CREATE TABLE `act_ru_event_subscr`  (
  `ID_` varchar(64) CHARACTER SET utf8 COLLATE utf8_bin NOT NULL,
  `REV_` int NULL DEFAULT NULL,
  `EVENT_TYPE_` varchar(255) CHARACTER SET utf8 COLLATE utf8_bin NOT NULL,
  `EVENT_NAME_` varchar(255) CHARACTER SET utf8 COLLATE utf8_bin NULL DEFAULT NULL,
  `EXECUTION_ID_` varchar(64) CHARACTER SET utf8 COLLATE utf8_bin NULL DEFAULT NULL,
  `PROC_INST_ID_` varchar(64) CHARACTER SET utf8 COLLATE utf8_bin NULL DEFAULT NULL,
  `ACTIVITY_ID_` varchar(64) CHARACTER SET utf8 COLLATE utf8_bin NULL DEFAULT NULL,
  `CONFIGURATION_` varchar(255) CHARACTER SET utf8 COLLATE utf8_bin NULL DEFAULT NULL,
  `CREATED_` timestamp(3) NOT NULL DEFAULT CURRENT_TIMESTAMP(3),
  `PROC_DEF_ID_` varchar(64) CHARACTER SET utf8 COLLATE utf8_bin NULL DEFAULT NULL,
  `TENANT_ID_` varchar(255) CHARACTER SET utf8 COLLATE utf8_bin NULL DEFAULT '',
  PRIMARY KEY (`ID_`) USING BTREE,
  INDEX `ACT_IDX_EVENT_SUBSCR_CONFIG_`(`CONFIGURATION_`) USING BTREE,
  INDEX `ACT_FK_EVENT_EXEC`(`EXECUTION_ID_`) USING BTREE,
  CONSTRAINT `ACT_FK_EVENT_EXEC` FOREIGN KEY (`EXECUTION_ID_`) REFERENCES `act_ru_execution` (`ID_`) ON DELETE RESTRICT ON UPDATE RESTRICT
) ENGINE = InnoDB CHARACTER SET = utf8 COLLATE = utf8_bin ROW_FORMAT = DYNAMIC;

-- ----------------------------
-- Records of act_ru_event_subscr
-- ----------------------------

-- ----------------------------
-- Table structure for act_ru_execution
-- ----------------------------
DROP TABLE IF EXISTS `act_ru_execution`;
CREATE TABLE `act_ru_execution`  (
  `ID_` varchar(64) CHARACTER SET utf8 COLLATE utf8_bin NOT NULL,
  `REV_` int NULL DEFAULT NULL,
  `PROC_INST_ID_` varchar(64) CHARACTER SET utf8 COLLATE utf8_bin NULL DEFAULT NULL,
  `BUSINESS_KEY_` varchar(255) CHARACTER SET utf8 COLLATE utf8_bin NULL DEFAULT NULL,
  `PARENT_ID_` varchar(64) CHARACTER SET utf8 COLLATE utf8_bin NULL DEFAULT NULL,
  `PROC_DEF_ID_` varchar(64) CHARACTER SET utf8 COLLATE utf8_bin NULL DEFAULT NULL,
  `SUPER_EXEC_` varchar(64) CHARACTER SET utf8 COLLATE utf8_bin NULL DEFAULT NULL,
  `ROOT_PROC_INST_ID_` varchar(64) CHARACTER SET utf8 COLLATE utf8_bin NULL DEFAULT NULL,
  `ACT_ID_` varchar(255) CHARACTER SET utf8 COLLATE utf8_bin NULL DEFAULT NULL,
  `IS_ACTIVE_` tinyint NULL DEFAULT NULL,
  `IS_CONCURRENT_` tinyint NULL DEFAULT NULL,
  `IS_SCOPE_` tinyint NULL DEFAULT NULL,
  `IS_EVENT_SCOPE_` tinyint NULL DEFAULT NULL,
  `IS_MI_ROOT_` tinyint NULL DEFAULT NULL,
  `SUSPENSION_STATE_` int NULL DEFAULT NULL,
  `CACHED_ENT_STATE_` int NULL DEFAULT NULL,
  `TENANT_ID_` varchar(255) CHARACTER SET utf8 COLLATE utf8_bin NULL DEFAULT '',
  `NAME_` varchar(255) CHARACTER SET utf8 COLLATE utf8_bin NULL DEFAULT NULL,
  `START_TIME_` datetime(3) NULL DEFAULT NULL,
  `START_USER_ID_` varchar(255) CHARACTER SET utf8 COLLATE utf8_bin NULL DEFAULT NULL,
  `LOCK_TIME_` timestamp(3) NULL DEFAULT NULL,
  `IS_COUNT_ENABLED_` tinyint NULL DEFAULT NULL,
  `EVT_SUBSCR_COUNT_` int NULL DEFAULT NULL,
  `TASK_COUNT_` int NULL DEFAULT NULL,
  `JOB_COUNT_` int NULL DEFAULT NULL,
  `TIMER_JOB_COUNT_` int NULL DEFAULT NULL,
  `SUSP_JOB_COUNT_` int NULL DEFAULT NULL,
  `DEADLETTER_JOB_COUNT_` int NULL DEFAULT NULL,
  `VAR_COUNT_` int NULL DEFAULT NULL,
  `ID_LINK_COUNT_` int NULL DEFAULT NULL,
  PRIMARY KEY (`ID_`) USING BTREE,
  INDEX `ACT_IDX_EXEC_BUSKEY`(`BUSINESS_KEY_`) USING BTREE,
  INDEX `ACT_IDC_EXEC_ROOT`(`ROOT_PROC_INST_ID_`) USING BTREE,
  INDEX `ACT_FK_EXE_PROCINST`(`PROC_INST_ID_`) USING BTREE,
  INDEX `ACT_FK_EXE_PARENT`(`PARENT_ID_`) USING BTREE,
  INDEX `ACT_FK_EXE_SUPER`(`SUPER_EXEC_`) USING BTREE,
  INDEX `ACT_FK_EXE_PROCDEF`(`PROC_DEF_ID_`) USING BTREE,
  CONSTRAINT `ACT_FK_EXE_PARENT` FOREIGN KEY (`PARENT_ID_`) REFERENCES `act_ru_execution` (`ID_`) ON DELETE CASCADE ON UPDATE RESTRICT,
  CONSTRAINT `ACT_FK_EXE_PROCDEF` FOREIGN KEY (`PROC_DEF_ID_`) REFERENCES `act_re_procdef` (`ID_`) ON DELETE RESTRICT ON UPDATE RESTRICT,
  CONSTRAINT `ACT_FK_EXE_PROCINST` FOREIGN KEY (`PROC_INST_ID_`) REFERENCES `act_ru_execution` (`ID_`) ON DELETE CASCADE ON UPDATE CASCADE,
  CONSTRAINT `ACT_FK_EXE_SUPER` FOREIGN KEY (`SUPER_EXEC_`) REFERENCES `act_ru_execution` (`ID_`) ON DELETE CASCADE ON UPDATE RESTRICT
) ENGINE = InnoDB CHARACTER SET = utf8 COLLATE = utf8_bin ROW_FORMAT = DYNAMIC;

-- ----------------------------
-- Records of act_ru_execution
-- ----------------------------

-- ----------------------------
-- Table structure for act_ru_identitylink
-- ----------------------------
DROP TABLE IF EXISTS `act_ru_identitylink`;
CREATE TABLE `act_ru_identitylink`  (
  `ID_` varchar(64) CHARACTER SET utf8 COLLATE utf8_bin NOT NULL,
  `REV_` int NULL DEFAULT NULL,
  `GROUP_ID_` varchar(255) CHARACTER SET utf8 COLLATE utf8_bin NULL DEFAULT NULL,
  `TYPE_` varchar(255) CHARACTER SET utf8 COLLATE utf8_bin NULL DEFAULT NULL,
  `USER_ID_` varchar(255) CHARACTER SET utf8 COLLATE utf8_bin NULL DEFAULT NULL,
  `TASK_ID_` varchar(64) CHARACTER SET utf8 COLLATE utf8_bin NULL DEFAULT NULL,
  `PROC_INST_ID_` varchar(64) CHARACTER SET utf8 COLLATE utf8_bin NULL DEFAULT NULL,
  `PROC_DEF_ID_` varchar(64) CHARACTER SET utf8 COLLATE utf8_bin NULL DEFAULT NULL,
  PRIMARY KEY (`ID_`) USING BTREE,
  INDEX `ACT_IDX_IDENT_LNK_USER`(`USER_ID_`) USING BTREE,
  INDEX `ACT_IDX_IDENT_LNK_GROUP`(`GROUP_ID_`) USING BTREE,
  INDEX `ACT_IDX_ATHRZ_PROCEDEF`(`PROC_DEF_ID_`) USING BTREE,
  INDEX `ACT_FK_TSKASS_TASK`(`TASK_ID_`) USING BTREE,
  INDEX `ACT_FK_IDL_PROCINST`(`PROC_INST_ID_`) USING BTREE,
  CONSTRAINT `ACT_FK_ATHRZ_PROCEDEF` FOREIGN KEY (`PROC_DEF_ID_`) REFERENCES `act_re_procdef` (`ID_`) ON DELETE RESTRICT ON UPDATE RESTRICT,
  CONSTRAINT `ACT_FK_IDL_PROCINST` FOREIGN KEY (`PROC_INST_ID_`) REFERENCES `act_ru_execution` (`ID_`) ON DELETE RESTRICT ON UPDATE RESTRICT,
  CONSTRAINT `ACT_FK_TSKASS_TASK` FOREIGN KEY (`TASK_ID_`) REFERENCES `act_ru_task` (`ID_`) ON DELETE RESTRICT ON UPDATE RESTRICT
) ENGINE = InnoDB CHARACTER SET = utf8 COLLATE = utf8_bin ROW_FORMAT = DYNAMIC;

-- ----------------------------
-- Records of act_ru_identitylink
-- ----------------------------

-- ----------------------------
-- Table structure for act_ru_job
-- ----------------------------
DROP TABLE IF EXISTS `act_ru_job`;
CREATE TABLE `act_ru_job`  (
  `ID_` varchar(64) CHARACTER SET utf8 COLLATE utf8_bin NOT NULL,
  `REV_` int NULL DEFAULT NULL,
  `TYPE_` varchar(255) CHARACTER SET utf8 COLLATE utf8_bin NOT NULL,
  `LOCK_EXP_TIME_` timestamp(3) NULL DEFAULT NULL,
  `LOCK_OWNER_` varchar(255) CHARACTER SET utf8 COLLATE utf8_bin NULL DEFAULT NULL,
  `EXCLUSIVE_` tinyint(1) NULL DEFAULT NULL,
  `EXECUTION_ID_` varchar(64) CHARACTER SET utf8 COLLATE utf8_bin NULL DEFAULT NULL,
  `PROCESS_INSTANCE_ID_` varchar(64) CHARACTER SET utf8 COLLATE utf8_bin NULL DEFAULT NULL,
  `PROC_DEF_ID_` varchar(64) CHARACTER SET utf8 COLLATE utf8_bin NULL DEFAULT NULL,
  `RETRIES_` int NULL DEFAULT NULL,
  `EXCEPTION_STACK_ID_` varchar(64) CHARACTER SET utf8 COLLATE utf8_bin NULL DEFAULT NULL,
  `EXCEPTION_MSG_` varchar(4000) CHARACTER SET utf8 COLLATE utf8_bin NULL DEFAULT NULL,
  `DUEDATE_` timestamp(3) NULL DEFAULT NULL,
  `REPEAT_` varchar(255) CHARACTER SET utf8 COLLATE utf8_bin NULL DEFAULT NULL,
  `HANDLER_TYPE_` varchar(255) CHARACTER SET utf8 COLLATE utf8_bin NULL DEFAULT NULL,
  `HANDLER_CFG_` varchar(4000) CHARACTER SET utf8 COLLATE utf8_bin NULL DEFAULT NULL,
  `TENANT_ID_` varchar(255) CHARACTER SET utf8 COLLATE utf8_bin NULL DEFAULT '',
  PRIMARY KEY (`ID_`) USING BTREE,
  INDEX `ACT_FK_JOB_EXECUTION`(`EXECUTION_ID_`) USING BTREE,
  INDEX `ACT_FK_JOB_PROCESS_INSTANCE`(`PROCESS_INSTANCE_ID_`) USING BTREE,
  INDEX `ACT_FK_JOB_PROC_DEF`(`PROC_DEF_ID_`) USING BTREE,
  INDEX `ACT_FK_JOB_EXCEPTION`(`EXCEPTION_STACK_ID_`) USING BTREE,
  CONSTRAINT `ACT_FK_JOB_EXCEPTION` FOREIGN KEY (`EXCEPTION_STACK_ID_`) REFERENCES `act_ge_bytearray` (`ID_`) ON DELETE RESTRICT ON UPDATE RESTRICT,
  CONSTRAINT `ACT_FK_JOB_EXECUTION` FOREIGN KEY (`EXECUTION_ID_`) REFERENCES `act_ru_execution` (`ID_`) ON DELETE RESTRICT ON UPDATE RESTRICT,
  CONSTRAINT `ACT_FK_JOB_PROC_DEF` FOREIGN KEY (`PROC_DEF_ID_`) REFERENCES `act_re_procdef` (`ID_`) ON DELETE RESTRICT ON UPDATE RESTRICT,
  CONSTRAINT `ACT_FK_JOB_PROCESS_INSTANCE` FOREIGN KEY (`PROCESS_INSTANCE_ID_`) REFERENCES `act_ru_execution` (`ID_`) ON DELETE RESTRICT ON UPDATE RESTRICT
) ENGINE = InnoDB CHARACTER SET = utf8 COLLATE = utf8_bin ROW_FORMAT = DYNAMIC;

-- ----------------------------
-- Records of act_ru_job
-- ----------------------------

-- ----------------------------
-- Table structure for act_ru_suspended_job
-- ----------------------------
DROP TABLE IF EXISTS `act_ru_suspended_job`;
CREATE TABLE `act_ru_suspended_job`  (
  `ID_` varchar(64) CHARACTER SET utf8 COLLATE utf8_bin NOT NULL,
  `REV_` int NULL DEFAULT NULL,
  `TYPE_` varchar(255) CHARACTER SET utf8 COLLATE utf8_bin NOT NULL,
  `EXCLUSIVE_` tinyint(1) NULL DEFAULT NULL,
  `EXECUTION_ID_` varchar(64) CHARACTER SET utf8 COLLATE utf8_bin NULL DEFAULT NULL,
  `PROCESS_INSTANCE_ID_` varchar(64) CHARACTER SET utf8 COLLATE utf8_bin NULL DEFAULT NULL,
  `PROC_DEF_ID_` varchar(64) CHARACTER SET utf8 COLLATE utf8_bin NULL DEFAULT NULL,
  `RETRIES_` int NULL DEFAULT NULL,
  `EXCEPTION_STACK_ID_` varchar(64) CHARACTER SET utf8 COLLATE utf8_bin NULL DEFAULT NULL,
  `EXCEPTION_MSG_` varchar(4000) CHARACTER SET utf8 COLLATE utf8_bin NULL DEFAULT NULL,
  `DUEDATE_` timestamp(3) NULL DEFAULT NULL,
  `REPEAT_` varchar(255) CHARACTER SET utf8 COLLATE utf8_bin NULL DEFAULT NULL,
  `HANDLER_TYPE_` varchar(255) CHARACTER SET utf8 COLLATE utf8_bin NULL DEFAULT NULL,
  `HANDLER_CFG_` varchar(4000) CHARACTER SET utf8 COLLATE utf8_bin NULL DEFAULT NULL,
  `TENANT_ID_` varchar(255) CHARACTER SET utf8 COLLATE utf8_bin NULL DEFAULT '',
  PRIMARY KEY (`ID_`) USING BTREE,
  INDEX `ACT_FK_SUSPENDED_JOB_EXECUTION`(`EXECUTION_ID_`) USING BTREE,
  INDEX `ACT_FK_SUSPENDED_JOB_PROCESS_INSTANCE`(`PROCESS_INSTANCE_ID_`) USING BTREE,
  INDEX `ACT_FK_SUSPENDED_JOB_PROC_DEF`(`PROC_DEF_ID_`) USING BTREE,
  INDEX `ACT_FK_SUSPENDED_JOB_EXCEPTION`(`EXCEPTION_STACK_ID_`) USING BTREE,
  CONSTRAINT `ACT_FK_SUSPENDED_JOB_EXCEPTION` FOREIGN KEY (`EXCEPTION_STACK_ID_`) REFERENCES `act_ge_bytearray` (`ID_`) ON DELETE RESTRICT ON UPDATE RESTRICT,
  CONSTRAINT `ACT_FK_SUSPENDED_JOB_EXECUTION` FOREIGN KEY (`EXECUTION_ID_`) REFERENCES `act_ru_execution` (`ID_`) ON DELETE RESTRICT ON UPDATE RESTRICT,
  CONSTRAINT `ACT_FK_SUSPENDED_JOB_PROC_DEF` FOREIGN KEY (`PROC_DEF_ID_`) REFERENCES `act_re_procdef` (`ID_`) ON DELETE RESTRICT ON UPDATE RESTRICT,
  CONSTRAINT `ACT_FK_SUSPENDED_JOB_PROCESS_INSTANCE` FOREIGN KEY (`PROCESS_INSTANCE_ID_`) REFERENCES `act_ru_execution` (`ID_`) ON DELETE RESTRICT ON UPDATE RESTRICT
) ENGINE = InnoDB CHARACTER SET = utf8 COLLATE = utf8_bin ROW_FORMAT = DYNAMIC;

-- ----------------------------
-- Records of act_ru_suspended_job
-- ----------------------------

-- ----------------------------
-- Table structure for act_ru_task
-- ----------------------------
DROP TABLE IF EXISTS `act_ru_task`;
CREATE TABLE `act_ru_task`  (
  `ID_` varchar(64) CHARACTER SET utf8 COLLATE utf8_bin NOT NULL,
  `REV_` int NULL DEFAULT NULL,
  `EXECUTION_ID_` varchar(64) CHARACTER SET utf8 COLLATE utf8_bin NULL DEFAULT NULL,
  `PROC_INST_ID_` varchar(64) CHARACTER SET utf8 COLLATE utf8_bin NULL DEFAULT NULL,
  `PROC_DEF_ID_` varchar(64) CHARACTER SET utf8 COLLATE utf8_bin NULL DEFAULT NULL,
  `NAME_` varchar(255) CHARACTER SET utf8 COLLATE utf8_bin NULL DEFAULT NULL,
  `PARENT_TASK_ID_` varchar(64) CHARACTER SET utf8 COLLATE utf8_bin NULL DEFAULT NULL,
  `DESCRIPTION_` varchar(4000) CHARACTER SET utf8 COLLATE utf8_bin NULL DEFAULT NULL,
  `TASK_DEF_KEY_` varchar(255) CHARACTER SET utf8 COLLATE utf8_bin NULL DEFAULT NULL,
  `OWNER_` varchar(255) CHARACTER SET utf8 COLLATE utf8_bin NULL DEFAULT NULL,
  `ASSIGNEE_` varchar(255) CHARACTER SET utf8 COLLATE utf8_bin NULL DEFAULT NULL,
  `DELEGATION_` varchar(64) CHARACTER SET utf8 COLLATE utf8_bin NULL DEFAULT NULL,
  `PRIORITY_` int NULL DEFAULT NULL,
  `CREATE_TIME_` timestamp(3) NULL DEFAULT NULL,
  `DUE_DATE_` datetime(3) NULL DEFAULT NULL,
  `CATEGORY_` varchar(255) CHARACTER SET utf8 COLLATE utf8_bin NULL DEFAULT NULL,
  `SUSPENSION_STATE_` int NULL DEFAULT NULL,
  `TENANT_ID_` varchar(255) CHARACTER SET utf8 COLLATE utf8_bin NULL DEFAULT '',
  `FORM_KEY_` varchar(255) CHARACTER SET utf8 COLLATE utf8_bin NULL DEFAULT NULL,
  `CLAIM_TIME_` datetime(3) NULL DEFAULT NULL,
  PRIMARY KEY (`ID_`) USING BTREE,
  INDEX `ACT_IDX_TASK_CREATE`(`CREATE_TIME_`) USING BTREE,
  INDEX `ACT_FK_TASK_EXE`(`EXECUTION_ID_`) USING BTREE,
  INDEX `ACT_FK_TASK_PROCINST`(`PROC_INST_ID_`) USING BTREE,
  INDEX `ACT_FK_TASK_PROCDEF`(`PROC_DEF_ID_`) USING BTREE,
  CONSTRAINT `ACT_FK_TASK_EXE` FOREIGN KEY (`EXECUTION_ID_`) REFERENCES `act_ru_execution` (`ID_`) ON DELETE RESTRICT ON UPDATE RESTRICT,
  CONSTRAINT `ACT_FK_TASK_PROCDEF` FOREIGN KEY (`PROC_DEF_ID_`) REFERENCES `act_re_procdef` (`ID_`) ON DELETE RESTRICT ON UPDATE RESTRICT,
  CONSTRAINT `ACT_FK_TASK_PROCINST` FOREIGN KEY (`PROC_INST_ID_`) REFERENCES `act_ru_execution` (`ID_`) ON DELETE RESTRICT ON UPDATE RESTRICT
) ENGINE = InnoDB CHARACTER SET = utf8 COLLATE = utf8_bin ROW_FORMAT = DYNAMIC;

-- ----------------------------
-- Records of act_ru_task
-- ----------------------------

-- ----------------------------
-- Table structure for act_ru_timer_job
-- ----------------------------
DROP TABLE IF EXISTS `act_ru_timer_job`;
CREATE TABLE `act_ru_timer_job`  (
  `ID_` varchar(64) CHARACTER SET utf8 COLLATE utf8_bin NOT NULL,
  `REV_` int NULL DEFAULT NULL,
  `TYPE_` varchar(255) CHARACTER SET utf8 COLLATE utf8_bin NOT NULL,
  `LOCK_EXP_TIME_` timestamp(3) NULL DEFAULT NULL,
  `LOCK_OWNER_` varchar(255) CHARACTER SET utf8 COLLATE utf8_bin NULL DEFAULT NULL,
  `EXCLUSIVE_` tinyint(1) NULL DEFAULT NULL,
  `EXECUTION_ID_` varchar(64) CHARACTER SET utf8 COLLATE utf8_bin NULL DEFAULT NULL,
  `PROCESS_INSTANCE_ID_` varchar(64) CHARACTER SET utf8 COLLATE utf8_bin NULL DEFAULT NULL,
  `PROC_DEF_ID_` varchar(64) CHARACTER SET utf8 COLLATE utf8_bin NULL DEFAULT NULL,
  `RETRIES_` int NULL DEFAULT NULL,
  `EXCEPTION_STACK_ID_` varchar(64) CHARACTER SET utf8 COLLATE utf8_bin NULL DEFAULT NULL,
  `EXCEPTION_MSG_` varchar(4000) CHARACTER SET utf8 COLLATE utf8_bin NULL DEFAULT NULL,
  `DUEDATE_` timestamp(3) NULL DEFAULT NULL,
  `REPEAT_` varchar(255) CHARACTER SET utf8 COLLATE utf8_bin NULL DEFAULT NULL,
  `HANDLER_TYPE_` varchar(255) CHARACTER SET utf8 COLLATE utf8_bin NULL DEFAULT NULL,
  `HANDLER_CFG_` varchar(4000) CHARACTER SET utf8 COLLATE utf8_bin NULL DEFAULT NULL,
  `TENANT_ID_` varchar(255) CHARACTER SET utf8 COLLATE utf8_bin NULL DEFAULT '',
  PRIMARY KEY (`ID_`) USING BTREE,
  INDEX `ACT_FK_TIMER_JOB_EXECUTION`(`EXECUTION_ID_`) USING BTREE,
  INDEX `ACT_FK_TIMER_JOB_PROCESS_INSTANCE`(`PROCESS_INSTANCE_ID_`) USING BTREE,
  INDEX `ACT_FK_TIMER_JOB_PROC_DEF`(`PROC_DEF_ID_`) USING BTREE,
  INDEX `ACT_FK_TIMER_JOB_EXCEPTION`(`EXCEPTION_STACK_ID_`) USING BTREE,
  CONSTRAINT `ACT_FK_TIMER_JOB_EXCEPTION` FOREIGN KEY (`EXCEPTION_STACK_ID_`) REFERENCES `act_ge_bytearray` (`ID_`) ON DELETE RESTRICT ON UPDATE RESTRICT,
  CONSTRAINT `ACT_FK_TIMER_JOB_EXECUTION` FOREIGN KEY (`EXECUTION_ID_`) REFERENCES `act_ru_execution` (`ID_`) ON DELETE RESTRICT ON UPDATE RESTRICT,
  CONSTRAINT `ACT_FK_TIMER_JOB_PROC_DEF` FOREIGN KEY (`PROC_DEF_ID_`) REFERENCES `act_re_procdef` (`ID_`) ON DELETE RESTRICT ON UPDATE RESTRICT,
  CONSTRAINT `ACT_FK_TIMER_JOB_PROCESS_INSTANCE` FOREIGN KEY (`PROCESS_INSTANCE_ID_`) REFERENCES `act_ru_execution` (`ID_`) ON DELETE RESTRICT ON UPDATE RESTRICT
) ENGINE = InnoDB CHARACTER SET = utf8 COLLATE = utf8_bin ROW_FORMAT = DYNAMIC;

-- ----------------------------
-- Records of act_ru_timer_job
-- ----------------------------

-- ----------------------------
-- Table structure for act_ru_variable
-- ----------------------------
DROP TABLE IF EXISTS `act_ru_variable`;
CREATE TABLE `act_ru_variable`  (
  `ID_` varchar(64) CHARACTER SET utf8 COLLATE utf8_bin NOT NULL,
  `REV_` int NULL DEFAULT NULL,
  `TYPE_` varchar(255) CHARACTER SET utf8 COLLATE utf8_bin NOT NULL,
  `NAME_` varchar(255) CHARACTER SET utf8 COLLATE utf8_bin NOT NULL,
  `EXECUTION_ID_` varchar(64) CHARACTER SET utf8 COLLATE utf8_bin NULL DEFAULT NULL,
  `PROC_INST_ID_` varchar(64) CHARACTER SET utf8 COLLATE utf8_bin NULL DEFAULT NULL,
  `TASK_ID_` varchar(64) CHARACTER SET utf8 COLLATE utf8_bin NULL DEFAULT NULL,
  `BYTEARRAY_ID_` varchar(64) CHARACTER SET utf8 COLLATE utf8_bin NULL DEFAULT NULL,
  `DOUBLE_` double NULL DEFAULT NULL,
  `LONG_` bigint NULL DEFAULT NULL,
  `TEXT_` varchar(4000) CHARACTER SET utf8 COLLATE utf8_bin NULL DEFAULT NULL,
  `TEXT2_` varchar(4000) CHARACTER SET utf8 COLLATE utf8_bin NULL DEFAULT NULL,
  PRIMARY KEY (`ID_`) USING BTREE,
  INDEX `ACT_IDX_VARIABLE_TASK_ID`(`TASK_ID_`) USING BTREE,
  INDEX `ACT_FK_VAR_EXE`(`EXECUTION_ID_`) USING BTREE,
  INDEX `ACT_FK_VAR_PROCINST`(`PROC_INST_ID_`) USING BTREE,
  INDEX `ACT_FK_VAR_BYTEARRAY`(`BYTEARRAY_ID_`) USING BTREE,
  CONSTRAINT `ACT_FK_VAR_BYTEARRAY` FOREIGN KEY (`BYTEARRAY_ID_`) REFERENCES `act_ge_bytearray` (`ID_`) ON DELETE RESTRICT ON UPDATE RESTRICT,
  CONSTRAINT `ACT_FK_VAR_EXE` FOREIGN KEY (`EXECUTION_ID_`) REFERENCES `act_ru_execution` (`ID_`) ON DELETE RESTRICT ON UPDATE RESTRICT,
  CONSTRAINT `ACT_FK_VAR_PROCINST` FOREIGN KEY (`PROC_INST_ID_`) REFERENCES `act_ru_execution` (`ID_`) ON DELETE RESTRICT ON UPDATE RESTRICT
) ENGINE = InnoDB CHARACTER SET = utf8 COLLATE = utf8_bin ROW_FORMAT = DYNAMIC;

-- ----------------------------
-- Records of act_ru_variable
-- ----------------------------

-- ----------------------------
-- Table structure for branch_menu
-- ----------------------------
DROP TABLE IF EXISTS `branch_menu`;
CREATE TABLE `branch_menu`  (
  `id` int NOT NULL AUTO_INCREMENT,
  `label` varchar(255) CHARACTER SET utf8 COLLATE utf8_general_ci NULL DEFAULT NULL COMMENT '',
  `parent_id` int NULL DEFAULT NULL COMMENT 'id',
  `order` int NULL DEFAULT NULL COMMENT '',
  PRIMARY KEY (`id`) USING BTREE
) ENGINE = InnoDB AUTO_INCREMENT = 37 CHARACTER SET = utf8 COLLATE = utf8_general_ci ROW_FORMAT = DYNAMIC;

-- ----------------------------
-- Records of branch_menu
-- ----------------------------
INSERT INTO `branch_menu` VALUES (1, '', 0, 1);
INSERT INTO `branch_menu` VALUES (2, '', 1, 1);
INSERT INTO `branch_menu` VALUES (3, '', 1, 1);
INSERT INTO `branch_menu` VALUES (4, '', 1, 1);
INSERT INTO `branch_menu` VALUES (5, '', 1, 1);
INSERT INTO `branch_menu` VALUES (6, '', 1, 1);
INSERT INTO `branch_menu` VALUES (7, '', 4, 1);
INSERT INTO `branch_menu` VALUES (8, '', 4, 2);
INSERT INTO `branch_menu` VALUES (9, '', 4, 3);
INSERT INTO `branch_menu` VALUES (10, '', 5, 1);
INSERT INTO `branch_menu` VALUES (11, '', 5, 2);
INSERT INTO `branch_menu` VALUES (12, '', 6, 1);
INSERT INTO `branch_menu` VALUES (13, '', 6, 2);
INSERT INTO `branch_menu` VALUES (14, '', 1, 1);
INSERT INTO `branch_menu` VALUES (15, '', 1, 2);
INSERT INTO `branch_menu` VALUES (16, '', 14, 1);
INSERT INTO `branch_menu` VALUES (17, '', 14, 2);
INSERT INTO `branch_menu` VALUES (18, '', 14, 3);
INSERT INTO `branch_menu` VALUES (19, '', 14, 4);
INSERT INTO `branch_menu` VALUES (20, '', 18, 1);
INSERT INTO `branch_menu` VALUES (21, '', 18, 2);
INSERT INTO `branch_menu` VALUES (22, '', 18, 3);
INSERT INTO `branch_menu` VALUES (23, '', 18, 4);
INSERT INTO `branch_menu` VALUES (24, '1', 19, 1);
INSERT INTO `branch_menu` VALUES (25, '2', 19, 2);
INSERT INTO `branch_menu` VALUES (26, '', 19, 3);
INSERT INTO `branch_menu` VALUES (27, '', 19, 4);
INSERT INTO `branch_menu` VALUES (28, '', 19, 5);
INSERT INTO `branch_menu` VALUES (29, '', 15, 1);
INSERT INTO `branch_menu` VALUES (30, '', 15, 1);
INSERT INTO `branch_menu` VALUES (31, '', 15, 2);
INSERT INTO `branch_menu` VALUES (32, '', 30, 1);
INSERT INTO `branch_menu` VALUES (33, '', 30, 2);
INSERT INTO `branch_menu` VALUES (34, '', 30, 3);
INSERT INTO `branch_menu` VALUES (35, '', 31, 1);
INSERT INTO `branch_menu` VALUES (36, '', 31, 2);

-- ----------------------------
-- Table structure for customer
-- ----------------------------
DROP TABLE IF EXISTS `customer`;
CREATE TABLE `customer`  (
  `id` int NOT NULL,
  `corporate_name` varchar(20) CHARACTER SET utf8 COLLATE utf8_general_ci NULL DEFAULT NULL COMMENT '',
  `corporate_phone` varchar(60) CHARACTER SET utf8 COLLATE utf8_general_ci NULL DEFAULT NULL COMMENT '1',
  `track_id` varchar(30) CHARACTER SET utf8 COLLATE utf8_general_ci NULL DEFAULT NULL COMMENT '',
  `grade` varchar(20) CHARACTER SET utf8 COLLATE utf8_general_ci NULL DEFAULT NULL COMMENT '',
  `integral` decimal(50, 2) NULL DEFAULT NULL COMMENT '',
  `activation_name` varchar(30) CHARACTER SET utf8 COLLATE utf8_general_ci NULL DEFAULT NULL COMMENT '',
  `activation_time` date NULL DEFAULT NULL COMMENT '',
  `weChat` varchar(20) CHARACTER SET utf8 COLLATE utf8_general_ci NULL DEFAULT NULL COMMENT '',
  `corporate_phone2` varchar(60) CHARACTER SET utf8 COLLATE utf8_general_ci NULL DEFAULT NULL COMMENT '2',
  `corporate_phone3` varchar(60) CHARACTER SET utf8 COLLATE utf8_general_ci NULL DEFAULT NULL COMMENT '3',
  `total` decimal(50, 2) NULL DEFAULT NULL COMMENT '',
  PRIMARY KEY (`id`) USING BTREE
) ENGINE = InnoDB CHARACTER SET = utf8 COLLATE = utf8_general_ci ROW_FORMAT = DYNAMIC;

-- ----------------------------
-- Records of customer
-- ----------------------------

-- ----------------------------
-- Table structure for customer_develop
-- ----------------------------
DROP TABLE IF EXISTS `customer_develop`;
CREATE TABLE `customer_develop`  (
  `id` int UNSIGNED NOT NULL AUTO_INCREMENT,
  `corporate_name` varchar(30) CHARACTER SET utf8 COLLATE utf8_general_ci NULL DEFAULT NULL COMMENT '',
  `corporate_phone` varchar(30) CHARACTER SET utf8 COLLATE utf8_general_ci NULL DEFAULT NULL COMMENT '',
  `last_follow_time` datetime(0) NULL DEFAULT NULL COMMENT '',
  `last_follow_name` varchar(50) CHARACTER SET utf8 COLLATE utf8_general_ci NULL DEFAULT NULL COMMENT '',
  `create_time` datetime(0) NULL DEFAULT NULL COMMENT '',
  `last_follow_result` varchar(255) CHARACTER SET utf8 COLLATE utf8_general_ci NULL DEFAULT NULL COMMENT '',
  `track_id` varchar(60) CHARACTER SET utf8 COLLATE utf8_general_ci NULL DEFAULT NULL COMMENT '',
  `leader_name` varchar(50) CHARACTER SET utf8 COLLATE utf8_general_ci NULL DEFAULT NULL COMMENT '',
  `branch` varchar(50) CHARACTER SET utf8 COLLATE utf8_general_ci NULL DEFAULT NULL COMMENT '',
  `activation` bigint NULL DEFAULT NULL COMMENT ',01',
  `total` decimal(20, 2) NULL DEFAULT NULL COMMENT '',
  `grade` varchar(10) CHARACTER SET utf8 COLLATE utf8_general_ci NULL DEFAULT NULL COMMENT '',
  `activation_time` date NULL DEFAULT NULL COMMENT '',
  `source` bigint NULL DEFAULT NULL COMMENT '',
  `activation_name` varchar(30) CHARACTER SET utf8 COLLATE utf8_general_ci NULL DEFAULT NULL COMMENT '',
  `corporate_phone2` varchar(20) CHARACTER SET utf8 COLLATE utf8_general_ci NULL DEFAULT NULL COMMENT '2',
  `corporate_phone3` varchar(20) CHARACTER SET utf8 COLLATE utf8_general_ci NULL DEFAULT NULL COMMENT '3',
  `weChat` varchar(30) CHARACTER SET utf8 COLLATE utf8_general_ci NULL DEFAULT NULL COMMENT '',
  PRIMARY KEY (`id`) USING BTREE
) ENGINE = InnoDB AUTO_INCREMENT = 6958 CHARACTER SET = utf8 COLLATE = utf8_general_ci ROW_FORMAT = DYNAMIC;

-- ----------------------------
-- Records of customer_develop
-- ----------------------------
INSERT INTO `customer_develop` VALUES (6952, '', '13055669987', NULL, '', NULL, '', 'ZJhk6K2021012649287', '', '', 0, NULL, NULL, NULL, NULL, NULL, NULL, NULL, NULL);
INSERT INTO `customer_develop` VALUES (6953, '', '10086', NULL, '', '2021-01-27 15:12:18', '', 'ZJhk6K2021012649287', '', '', 0, 200.00, '4', NULL, 4, NULL, NULL, NULL, NULL);
INSERT INTO `customer_develop` VALUES (6954, '', '13055669987', NULL, '', '2021-01-27 15:59:26', '', 'ZJhk6K2021012649287', '', '', 0, NULL, NULL, NULL, 2, NULL, NULL, NULL, NULL);

-- ----------------------------
-- Table structure for customer_develop_follow
-- ----------------------------
DROP TABLE IF EXISTS `customer_develop_follow`;
CREATE TABLE `customer_develop_follow`  (
  `id` int NOT NULL AUTO_INCREMENT,
  `follow_name` varchar(20) CHARACTER SET utf8 COLLATE utf8_general_ci NULL DEFAULT NULL COMMENT '',
  `follow_time` varchar(30) CHARACTER SET utf8 COLLATE utf8_general_ci NULL DEFAULT NULL COMMENT '',
  `follow_result` text CHARACTER SET utf8 COLLATE utf8_general_ci NULL COMMENT '',
  `network_id` int NULL DEFAULT NULL COMMENT 'ID',
  `img_url` varchar(255) CHARACTER SET utf8 COLLATE utf8_general_ci NULL DEFAULT NULL COMMENT '',
  `record` varchar(255) CHARACTER SET utf8 COLLATE utf8_general_ci NULL DEFAULT NULL COMMENT '',
  `create_time` datetime(0) NULL DEFAULT NULL COMMENT '',
  PRIMARY KEY (`id`) USING BTREE
) ENGINE = InnoDB AUTO_INCREMENT = 367 CHARACTER SET = utf8 COLLATE = utf8_general_ci ROW_FORMAT = DYNAMIC;

-- ----------------------------
-- Records of customer_develop_follow
-- ----------------------------
INSERT INTO `customer_develop_follow` VALUES (349, NULL, NULL, '', 6949, NULL, NULL, '2021-01-26 18:49:06');
INSERT INTO `customer_develop_follow` VALUES (350, NULL, NULL, '', 6949, '/ZJ/ZJhk6K2021012649299/upload/images/2021012615584978880.jpg', NULL, '2021-01-26 18:49:06');
INSERT INTO `customer_develop_follow` VALUES (351, NULL, NULL, '', 6950, NULL, NULL, '2021-01-27 15:04:55');
INSERT INTO `customer_develop_follow` VALUES (352, NULL, NULL, '', 6950, '/ZJ/ZJhk6K2021012649299/upload/images/2021012615584978880.jpg', NULL, '2021-01-27 15:04:55');
INSERT INTO `customer_develop_follow` VALUES (353, NULL, NULL, '', 6951, NULL, NULL, '2021-01-27 15:07:13');
INSERT INTO `customer_develop_follow` VALUES (354, NULL, NULL, '', 6951, '/ZJ/ZJhk6K2021012649299/upload/images/2021012615584978880.jpg', NULL, '2021-01-27 15:07:13');
INSERT INTO `customer_develop_follow` VALUES (355, NULL, NULL, '', 6952, NULL, NULL, '2021-01-27 15:09:32');
INSERT INTO `customer_develop_follow` VALUES (356, NULL, NULL, '', 6952, '/ZJ/ZJhk6K2021012649299/upload/images/2021012615584978880.jpg', NULL, '2021-01-27 15:09:32');
INSERT INTO `customer_develop_follow` VALUES (357, NULL, NULL, '', 6953, NULL, NULL, '2021-01-27 15:12:18');
INSERT INTO `customer_develop_follow` VALUES (358, NULL, NULL, '', 6953, '/ZJ/ZJhk6K2021012649299/upload/images/2021012615584978880.jpg', NULL, '2021-01-27 15:12:18');
INSERT INTO `customer_develop_follow` VALUES (359, NULL, NULL, '', 6954, NULL, NULL, '2021-01-27 15:59:26');
INSERT INTO `customer_develop_follow` VALUES (360, NULL, NULL, '', 6954, '/ZJ/ZJhk6K2021012649299/upload/images/2021012615584978880.jpg', NULL, '2021-01-27 15:59:26');
INSERT INTO `customer_develop_follow` VALUES (361, NULL, NULL, '', 6955, NULL, NULL, '2021-01-27 16:02:13');
INSERT INTO `customer_develop_follow` VALUES (362, NULL, NULL, '4454', 6955, NULL, NULL, '2021-01-27 16:02:13');
INSERT INTO `customer_develop_follow` VALUES (363, NULL, NULL, '', 6956, NULL, NULL, '2021-01-27 16:50:39');
INSERT INTO `customer_develop_follow` VALUES (364, NULL, NULL, '', 6956, '/ZJ/ZJhk6K2021012649299/upload/images/2021012615584978880.jpg', NULL, '2021-01-27 16:50:39');
INSERT INTO `customer_develop_follow` VALUES (365, NULL, NULL, '', 6957, NULL, NULL, '2021-01-27 16:50:42');
INSERT INTO `customer_develop_follow` VALUES (366, NULL, NULL, '', 6957, '/ZJ/ZJhk6K2021012649299/upload/images/2021012615584978880.jpg', NULL, '2021-01-27 16:50:42');

-- ----------------------------
-- Table structure for customer_network
-- ----------------------------
DROP TABLE IF EXISTS `customer_network`;
CREATE TABLE `customer_network`  (
  `id` int UNSIGNED NOT NULL AUTO_INCREMENT,
  `corporate_name` varchar(30) CHARACTER SET utf8 COLLATE utf8_general_ci NULL DEFAULT NULL COMMENT '',
  `corporate_phone` varchar(30) CHARACTER SET utf8 COLLATE utf8_general_ci NULL DEFAULT NULL COMMENT '',
  `source` bigint NULL DEFAULT NULL COMMENT '12583456',
  `last_follow_up` bigint NULL DEFAULT NULL COMMENT '0123456',
  `last_follow_time` datetime(0) NULL DEFAULT NULL COMMENT '',
  `last_follow_name` varchar(50) CHARACTER SET utf8 COLLATE utf8_general_ci NULL DEFAULT NULL COMMENT '',
  `create_time` datetime(0) NULL DEFAULT NULL COMMENT '',
  `last_follow_result` varchar(255) CHARACTER SET utf8 COLLATE utf8_general_ci NULL DEFAULT NULL COMMENT '',
  `status` bigint NULL DEFAULT NULL COMMENT '120,3456\r\n789\r\n10',
  `track_id` varchar(60) CHARACTER SET utf8 COLLATE utf8_general_ci NULL DEFAULT NULL COMMENT '',
  `first_follow_name` varchar(30) CHARACTER SET utf8 COLLATE utf8_general_ci NULL DEFAULT NULL COMMENT '',
  `appoint` bigint NULL DEFAULT NULL COMMENT '10',
  `leader_name` varchar(50) CHARACTER SET utf8 COLLATE utf8_general_ci NULL DEFAULT NULL COMMENT '',
  `issue` bigint NULL DEFAULT NULL COMMENT '012',
  `department` varchar(50) CHARACTER SET utf8 COLLATE utf8_general_ci NULL DEFAULT NULL COMMENT '',
  `overdue_time` datetime(0) NULL DEFAULT NULL COMMENT '',
  `branch` varchar(50) CHARACTER SET utf8 COLLATE utf8_general_ci NULL DEFAULT NULL COMMENT '',
  `invalid` int NULL DEFAULT NULL COMMENT '01',
  `leader_sign` int NULL DEFAULT NULL COMMENT '01',
  `receiving_time` varchar(20) CHARACTER SET utf8 COLLATE utf8_general_ci NULL DEFAULT NULL COMMENT '',
  `activation` bigint NULL DEFAULT NULL COMMENT ',01',
  `sign` bigint NULL DEFAULT NULL COMMENT '10',
  `proposer` varchar(20) CHARACTER SET utf8 COLLATE utf8_general_ci NULL DEFAULT NULL COMMENT '',
  `total` decimal(30, 2) NULL DEFAULT NULL COMMENT '',
  `grade` varchar(10) CHARACTER SET utf8 COLLATE utf8_general_ci NULL DEFAULT NULL COMMENT '',
  `activation_name` varchar(30) CHARACTER SET utf8 COLLATE utf8_general_ci NULL DEFAULT NULL COMMENT '',
  `activation_time` date NULL DEFAULT NULL COMMENT '',
  `integral` decimal(50, 2) NULL DEFAULT NULL COMMENT '',
  `weChat` varchar(30) CHARACTER SET utf8 COLLATE utf8_general_ci NULL DEFAULT NULL COMMENT '',
  `corporate_phone2` varchar(20) CHARACTER SET utf8 COLLATE utf8_general_ci NULL DEFAULT NULL COMMENT '2',
  `corporate_phone3` varchar(20) CHARACTER SET utf8 COLLATE utf8_general_ci NULL DEFAULT NULL COMMENT '3',
  PRIMARY KEY (`id`) USING BTREE
) ENGINE = InnoDB AUTO_INCREMENT = 6953 CHARACTER SET = utf8 COLLATE = utf8_general_ci ROW_FORMAT = DYNAMIC;

-- ----------------------------
-- Records of customer_network
-- ----------------------------
INSERT INTO `customer_network` VALUES (6928, '', '10086', 4, NULL, NULL, NULL, '2021-01-27 00:00:00', '', 0, 'KZgGwM2021012231058', NULL, 0, NULL, 0, NULL, '2021-01-27 09:28:40', NULL, 1, 1, NULL, 0, 1, '', NULL, NULL, NULL, NULL, NULL, NULL, NULL, NULL);
INSERT INTO `customer_network` VALUES (6929, '', '13055669987', 2, NULL, '2020-12-29 16:03:00', '', '2021-01-30 00:00:00', '', 3, 'KZ5fUd2021012510843', NULL, 0, '', 0, NULL, '2020-12-29 16:03:00', NULL, 1, 0, NULL, 1, 0, '', NULL, NULL, NULL, NULL, NULL, NULL, NULL, NULL);
INSERT INTO `customer_network` VALUES (6935, '14777222', '14777545957', NULL, NULL, NULL, '', '2021-01-25 00:00:00', '14777545957', 3, 'KZ5fUd2021012510841', '', 0, '', 3, NULL, '2021-01-27 16:28:52', NULL, 1, 0, NULL, 0, 1, '', NULL, NULL, NULL, NULL, NULL, NULL, NULL, NULL);
INSERT INTO `customer_network` VALUES (6936, '147111', '14777545957', NULL, NULL, NULL, NULL, '2021-01-25 00:00:00', '14777545957', 4, 'KZsoRY2021012517399', NULL, 0, NULL, 1, NULL, '2021-01-29 11:37:54', NULL, 1, 0, NULL, 0, 1, '', NULL, NULL, NULL, NULL, NULL, NULL, NULL, NULL);
INSERT INTO `customer_network` VALUES (6937, '14777333', '14777545957', NULL, NULL, NULL, '', '2021-01-25 00:00:00', '14777545957', 4, 'KZ3xTX2021012524645', '', 0, '', 3, NULL, '2021-01-27 16:28:38', NULL, 1, 0, NULL, 0, 1, '', NULL, NULL, NULL, NULL, NULL, NULL, NULL, NULL);
INSERT INTO `customer_network` VALUES (6938, '14774444', '14777545957', NULL, NULL, NULL, '', '2021-01-25 00:00:00', '14777545957', 7, 'KZJvWV2021012532034', '', 0, '', 3, NULL, '2021-01-27 10:07:50', NULL, 1, 0, NULL, 0, 1, '', NULL, NULL, NULL, NULL, NULL, NULL, NULL, NULL);
INSERT INTO `customer_network` VALUES (6939, '164', '14777645452', NULL, NULL, NULL, NULL, '2021-01-26 00:00:00', '132', 0, 'KZKKIQ2021012635929', NULL, 0, NULL, 0, NULL, '2021-01-26 10:29:05', NULL, 1, 1, NULL, 0, 1, '', NULL, NULL, NULL, NULL, NULL, NULL, NULL, NULL);
INSERT INTO `customer_network` VALUES (6940, 'jin ye ', '14777645552', 3, NULL, NULL, NULL, '2021-01-26 15:41:58', '123456', 0, 'WL1KCa2021012648861', NULL, 0, NULL, 0, NULL, NULL, NULL, 1, 1, NULL, 0, 1, '', NULL, NULL, NULL, NULL, NULL, NULL, NULL, NULL);
INSERT INTO `customer_network` VALUES (6941, '1111', '14777545869', 3, NULL, NULL, NULL, '2021-01-26 15:42:33', '458', 0, 'WL1KCa2021012648861', NULL, 0, NULL, 0, NULL, NULL, NULL, 1, 1, NULL, 0, 1, '', NULL, NULL, NULL, NULL, NULL, NULL, NULL, NULL);
INSERT INTO `customer_network` VALUES (6944, '', '13055669987', 2, NULL, NULL, '', '2021-01-26 15:46:06', '', 10, 'KZCSiw2021012617866', '', 1, '', 3, NULL, '2021-01-27 18:08:49', '', 1, 1, NULL, 1, 0, NULL, 100.00, '10', '', '2021-01-27', NULL, NULL, NULL, NULL);
INSERT INTO `customer_network` VALUES (6945, '4654', '14777545453', 4, NULL, NULL, '', '2021-01-26 15:46:53', '', 7, 'WLBDbC2021012649522', NULL, 0, '', 3, NULL, NULL, NULL, 1, 1, NULL, 0, 1, '', NULL, NULL, NULL, NULL, NULL, NULL, NULL, NULL);
INSERT INTO `customer_network` VALUES (6946, '14', '14777645896', 4, NULL, NULL, '', '2021-01-26 15:48:17', '1234', 7, 'KZCSiw2021012617845', NULL, 0, '', 3, NULL, '2021-01-27 17:36:16', NULL, 1, 1, NULL, 0, 1, '', NULL, NULL, NULL, NULL, NULL, NULL, NULL, NULL);
INSERT INTO `customer_network` VALUES (6949, '447', '16468744589', NULL, NULL, NULL, NULL, '2021-01-26 16:03:57', '546123', 1, 'KZDhb62021012657137', '', 1, '', 0, NULL, '2021-01-28 10:19:16', NULL, 1, 1, NULL, 0, 0, '', NULL, NULL, NULL, NULL, NULL, NULL, NULL, NULL);
INSERT INTO `customer_network` VALUES (6950, '', '13055669987', 5, NULL, NULL, '', '2021-01-27 15:57:20', '1564561', 10, 'KZp4XZ2021012716721', '', 1, '', 1, NULL, '2021-02-01 16:24:22', NULL, 0, 0, NULL, 1, 1, NULL, NULL, NULL, '', '2021-01-29', NULL, '13055669987', NULL, NULL);
INSERT INTO `customer_network` VALUES (6952, '2123', '14777645453', 6, NULL, NULL, NULL, '2021-01-28 17:10:26', '215', 0, 'KZqepA2021012826583', NULL, 0, NULL, 0, NULL, '2021-02-01 16:36:55', NULL, 0, 1, NULL, 1, 1, '', NULL, NULL, '', '2021-01-29', NULL, NULL, NULL, NULL);

-- ----------------------------
-- Table structure for customer_network_follow
-- ----------------------------
DROP TABLE IF EXISTS `customer_network_follow`;
CREATE TABLE `customer_network_follow`  (
  `id` int NOT NULL AUTO_INCREMENT,
  `follow_name` varchar(20) CHARACTER SET utf8 COLLATE utf8_general_ci NULL DEFAULT NULL COMMENT '',
  `follow_time` varchar(30) CHARACTER SET utf8 COLLATE utf8_general_ci NULL DEFAULT NULL COMMENT '',
  `follow_result` text CHARACTER SET utf8 COLLATE utf8_general_ci NULL COMMENT '',
  `network_id` int NULL DEFAULT NULL COMMENT 'ID',
  `img_url` varchar(255) CHARACTER SET utf8 COLLATE utf8_general_ci NULL DEFAULT NULL COMMENT '',
  `record` varchar(255) CHARACTER SET utf8 COLLATE utf8_general_ci NULL DEFAULT NULL COMMENT '',
  `create_time` datetime(0) NULL DEFAULT NULL COMMENT '',
  PRIMARY KEY (`id`) USING BTREE
) ENGINE = InnoDB AUTO_INCREMENT = 377 CHARACTER SET = utf8 COLLATE = utf8_general_ci ROW_FORMAT = DYNAMIC;

-- ----------------------------
-- Records of customer_network_follow
-- ----------------------------
INSERT INTO `customer_network_follow` VALUES (349, '', NULL, '', 6949, NULL, NULL, '2021-01-27 10:04:00');
INSERT INTO `customer_network_follow` VALUES (350, '', NULL, '', 6949, '/KZ/KZDhb62021012657137/upload/images/2021012710013096813.jpg', NULL, '2021-01-27 10:04:00');
INSERT INTO `customer_network_follow` VALUES (351, '', NULL, '', 6949, NULL, NULL, '2021-01-27 10:17:05');
INSERT INTO `customer_network_follow` VALUES (352, '', NULL, '', 6949, '/KZ/KZDhb62021012657137/upload/images/2021012710013096813.jpg', NULL, '2021-01-27 10:17:05');
INSERT INTO `customer_network_follow` VALUES (353, '', NULL, '', 6949, NULL, NULL, '2021-01-27 10:18:02');
INSERT INTO `customer_network_follow` VALUES (354, '', NULL, '', 6949, '/KZ/KZDhb62021012657137/upload/images/2021012710013096813.jpg', NULL, '2021-01-27 10:18:02');
INSERT INTO `customer_network_follow` VALUES (355, '', NULL, '', 6949, NULL, NULL, '2021-01-27 10:18:20');
INSERT INTO `customer_network_follow` VALUES (356, '', NULL, '', 6949, '/KZ/KZDhb62021012657137/upload/images/2021012710013096813.jpg', NULL, '2021-01-27 10:18:20');
INSERT INTO `customer_network_follow` VALUES (357, '', NULL, '', 6949, NULL, NULL, '2021-01-27 10:19:16');
INSERT INTO `customer_network_follow` VALUES (358, '', NULL, '', 6949, '/KZ/KZDhb62021012657137/upload/images/2021012710013096813.jpg', NULL, '2021-01-27 10:19:16');
INSERT INTO `customer_network_follow` VALUES (359, '', NULL, '', NULL, NULL, NULL, '2021-01-27 10:23:06');
INSERT INTO `customer_network_follow` VALUES (360, '', NULL, NULL, NULL, NULL, NULL, '2021-01-27 10:23:06');
INSERT INTO `customer_network_follow` VALUES (361, '', NULL, '', 6949, NULL, NULL, '2021-01-27 10:23:33');
INSERT INTO `customer_network_follow` VALUES (362, '', NULL, NULL, 6949, NULL, NULL, '2021-01-27 10:23:33');
INSERT INTO `customer_network_follow` VALUES (363, '', NULL, '', 6950, NULL, NULL, '2021-01-27 15:57:20');
INSERT INTO `customer_network_follow` VALUES (364, '', NULL, '1564561', 6950, '/KZ/KZp4XZ2021012716721/upload/images/2021012715571696445.jpg', NULL, '2021-01-27 15:57:20');
INSERT INTO `customer_network_follow` VALUES (365, '', NULL, '', 6951, NULL, NULL, '2021-01-27 16:00:29');
INSERT INTO `customer_network_follow` VALUES (366, '', NULL, '54561', 6951, '/ZJ/ZJEHNm2021012727312/upload/images/2021012716002768127.jpg', NULL, '2021-01-27 16:00:29');
INSERT INTO `customer_network_follow` VALUES (367, '', NULL, '', 6937, NULL, NULL, '2021-01-27 16:05:38');
INSERT INTO `customer_network_follow` VALUES (368, '', NULL, '', 6935, NULL, NULL, '2021-01-27 16:05:52');
INSERT INTO `customer_network_follow` VALUES (369, '', NULL, '', NULL, NULL, NULL, '2021-01-27 16:48:19');
INSERT INTO `customer_network_follow` VALUES (370, '', NULL, NULL, NULL, NULL, NULL, '2021-01-27 16:48:19');
INSERT INTO `customer_network_follow` VALUES (371, '', NULL, '', NULL, NULL, NULL, '2021-01-28 08:53:04');
INSERT INTO `customer_network_follow` VALUES (372, '', NULL, NULL, NULL, NULL, NULL, '2021-01-28 08:53:04');
INSERT INTO `customer_network_follow` VALUES (373, '', NULL, '', NULL, NULL, NULL, '2021-01-28 11:42:20');
INSERT INTO `customer_network_follow` VALUES (374, '', NULL, '', NULL, NULL, NULL, '2021-01-28 11:42:20');
INSERT INTO `customer_network_follow` VALUES (375, '', NULL, '', 6952, NULL, NULL, '2021-01-28 17:10:26');
INSERT INTO `customer_network_follow` VALUES (376, '', NULL, '1', 6952, NULL, NULL, '2021-01-28 17:10:26');
INSERT INTO `customer_network_follow` VALUES (377, '', NULL, '', 6950, NULL, NULL, '2021-01-29 09:19:15');
INSERT INTO `customer_network_follow` VALUES (378, '', NULL, '', 2377, NULL, NULL, '2021-01-29 09:26:06');
INSERT INTO `customer_network_follow` VALUES (380, '', NULL, '', 6950, NULL, NULL, '2021-01-29 16:19:07');
INSERT INTO `customer_network_follow` VALUES (381, '', NULL, '', 6952, NULL, NULL, '2021-01-29 16:36:55');

-- ----------------------------
-- Table structure for customer_telemarke
-- ----------------------------
DROP TABLE IF EXISTS `customer_telemarke`;
CREATE TABLE `customer_telemarke`  (
  `id` int NOT NULL AUTO_INCREMENT,
  `corporate_name` varchar(30) CHARACTER SET utf8 COLLATE utf8_general_ci NULL DEFAULT NULL COMMENT '',
  `corporate_phone` varchar(30) CHARACTER SET utf8 COLLATE utf8_general_ci NULL DEFAULT NULL COMMENT '',
  `source` bigint NULL DEFAULT NULL COMMENT '12583456',
  `last_follow_up` bigint NULL DEFAULT NULL COMMENT '01234567:',
  `last_follow_time` datetime(0) NULL DEFAULT NULL COMMENT '',
  `last_follow_name` varchar(50) CHARACTER SET utf8 COLLATE utf8_general_ci NULL DEFAULT NULL COMMENT '',
  `create_time` date NULL DEFAULT NULL COMMENT '',
  `status` bigint NULL DEFAULT NULL COMMENT '120,345610',
  `track_id` varchar(50) CHARACTER SET utf8 COLLATE utf8_general_ci NULL DEFAULT NULL COMMENT '',
  `first_follow_name` varchar(30) CHARACTER SET utf8 COLLATE utf8_general_ci NULL DEFAULT NULL COMMENT '',
  `appoint` bigint NULL DEFAULT NULL COMMENT '10',
  `leader_name` varchar(50) CHARACTER SET utf8 COLLATE utf8_general_ci NULL DEFAULT NULL COMMENT '',
  `issue` bigint NULL DEFAULT NULL COMMENT '012',
  `department` varchar(50) CHARACTER SET utf8 COLLATE utf8_general_ci NULL DEFAULT NULL COMMENT '',
  `order_state` bigint NULL DEFAULT NULL COMMENT '01',
  `overdue_time` datetime(0) NULL DEFAULT NULL COMMENT '',
  `activation` bigint NULL DEFAULT NULL COMMENT ',01',
  `leader_sign` bigint NULL DEFAULT NULL COMMENT '01',
  `branch` varchar(50) CHARACTER SET utf8 COLLATE utf8_general_ci NULL DEFAULT NULL COMMENT '',
  `receiving_time` datetime(0) NULL DEFAULT NULL COMMENT '',
  `last_follow_result` varchar(255) CHARACTER SET utf8 COLLATE utf8_general_ci NULL DEFAULT NULL COMMENT '',
  `proposer` varchar(20) CHARACTER SET utf8 COLLATE utf8_general_ci NULL DEFAULT NULL COMMENT '',
  `name` varchar(50) CHARACTER SET utf8 COLLATE utf8_general_ci NULL DEFAULT NULL COMMENT '',
  `establish_time` varchar(30) CHARACTER SET utf8 COLLATE utf8_general_ci NULL DEFAULT NULL COMMENT '',
  `registered_capital` varchar(20) CHARACTER SET utf8 COLLATE utf8_general_ci NULL DEFAULT NULL COMMENT '',
  `address` varchar(255) CHARACTER SET utf8 COLLATE utf8_general_ci NULL DEFAULT NULL COMMENT '',
  `sign` bigint NULL DEFAULT NULL COMMENT '01',
  `total` decimal(20, 2) NULL DEFAULT NULL COMMENT '',
  `grade` varchar(10) CHARACTER SET utf8 COLLATE utf8_general_ci NULL DEFAULT NULL COMMENT '',
  `activation_time` datetime(0) NULL DEFAULT NULL COMMENT '',
  `corporate_phone2` varchar(20) CHARACTER SET utf8 COLLATE utf8_general_ci NULL DEFAULT NULL COMMENT '2',
  `corporate_phone3` varchar(20) CHARACTER SET utf8 COLLATE utf8_general_ci NULL DEFAULT NULL COMMENT '3',
  `weChat` varchar(30) CHARACTER SET utf8 COLLATE utf8_general_ci NULL DEFAULT NULL COMMENT '',
  `activation_name` varchar(30) CHARACTER SET utf8 COLLATE utf8_general_ci NULL DEFAULT NULL COMMENT '',
  PRIMARY KEY (`id`) USING BTREE
) ENGINE = InnoDB AUTO_INCREMENT = 2379 CHARACTER SET = utf8 COLLATE = utf8_general_ci ROW_FORMAT = DYNAMIC;

-- ----------------------------
-- Records of customer_telemarke
-- ----------------------------
INSERT INTO `customer_telemarke` VALUES (2353, '', '0771-5586345', 1, NULL, NULL, NULL, '2021-01-20', 0, 'WLeK2112003350', NULL, NULL, NULL, 1, NULL, NULL, NULL, 0, NULL, NULL, NULL, NULL, '', '', '2020-12-01', '10W', '', 1, NULL, NULL, NULL, NULL, NULL, NULL, NULL);
INSERT INTO `customer_telemarke` VALUES (2354, '', '15854295280', 2, NULL, NULL, NULL, '2021-01-20', 0, 'WLBl2112003350', NULL, NULL, NULL, 1, NULL, NULL, NULL, 0, NULL, NULL, NULL, NULL, '', '', '2020-01-21', '100W', '', 1, NULL, NULL, NULL, NULL, NULL, NULL, NULL);
INSERT INTO `customer_telemarke` VALUES (2355, '', '15977586523', 3, NULL, NULL, '', '2021-01-20', 10, 'WLgR2112003350', '', NULL, '', 1, NULL, NULL, '2021-01-29 09:54:59', 0, 0, NULL, NULL, NULL, '', '', '2021-01-20', '12W', '', 1, NULL, NULL, NULL, NULL, NULL, NULL, NULL);
INSERT INTO `customer_telemarke` VALUES (2365, '', '13055669987', 2, NULL, NULL, NULL, '2021-01-25', 0, 'LJ08Wu2021012547970', NULL, 0, NULL, 0, NULL, NULL, NULL, 0, NULL, NULL, NULL, '', '', NULL, NULL, NULL, NULL, 1, NULL, NULL, NULL, NULL, NULL, NULL, NULL);
INSERT INTO `customer_telemarke` VALUES (2367, '', '13055669987', 2, NULL, NULL, '', '2021-01-25', 10, 'LJ26Oj2021012538591', '', 0, NULL, 1, NULL, NULL, '2021-01-26 10:34:27', 0, NULL, NULL, '2021-01-26 10:33:57', '', '', NULL, NULL, NULL, NULL, 1, NULL, NULL, NULL, NULL, NULL, NULL, NULL);
INSERT INTO `customer_telemarke` VALUES (2377, '', '13055669987', 5, NULL, NULL, '', '2021-01-26', 10, 'LJaTZm2021012635158', '', NULL, '', 1, NULL, NULL, '2021-02-01 09:34:48', 1, 0, '', NULL, '', '', NULL, NULL, NULL, NULL, 1, NULL, NULL, '2021-01-29 00:00:00', NULL, NULL, '13055669987', '');

-- ----------------------------
-- Table structure for customer_telemarke_follow
-- ----------------------------
DROP TABLE IF EXISTS `customer_telemarke_follow`;
CREATE TABLE `customer_telemarke_follow`  (
  `id` int NOT NULL AUTO_INCREMENT,
  `follow_name` varchar(20) CHARACTER SET utf8 COLLATE utf8_general_ci NULL DEFAULT NULL COMMENT '',
  `follow_time` varchar(30) CHARACTER SET utf8 COLLATE utf8_general_ci NULL DEFAULT NULL COMMENT '',
  `follow_result` text CHARACTER SET utf8 COLLATE utf8_general_ci NULL COMMENT '',
  `contact_type` int NULL DEFAULT NULL COMMENT '123QQ45',
  `network_id` int NULL DEFAULT NULL COMMENT 'ID',
  `img_url` varchar(255) CHARACTER SET utf8 COLLATE utf8_general_ci NULL DEFAULT NULL COMMENT '',
  `remarks` text CHARACTER SET utf8 COLLATE utf8_general_ci NULL COMMENT '',
  `record` varchar(255) CHARACTER SET utf8 COLLATE utf8_general_ci NULL DEFAULT NULL COMMENT '',
  `create_time` date NULL DEFAULT NULL COMMENT '',
  PRIMARY KEY (`id`) USING BTREE
) ENGINE = InnoDB AUTO_INCREMENT = 117 CHARACTER SET = utf8 COLLATE = utf8_general_ci ROW_FORMAT = DYNAMIC;

-- ----------------------------
-- Records of customer_telemarke_follow
-- ----------------------------
INSERT INTO `customer_telemarke_follow` VALUES (85, '', '2021-01-19 00:00:00', '<p>QQliaot&nbsp;</p>', 3, 2342, NULL, NULL, '/DX/2342/upload/video/2021011817094528154.mp3', '2021-01-18');
INSERT INTO `customer_telemarke_follow` VALUES (86, '', NULL, '', NULL, 2341, NULL, NULL, NULL, '2021-01-18');
INSERT INTO `customer_telemarke_follow` VALUES (87, '', '2021-01-19 00:00:00', '<p><br></p>', 2, 2341, '/DX/2341/upload/images/2021011817115657312.jpg', NULL, NULL, '2021-01-18');
INSERT INTO `customer_telemarke_follow` VALUES (88, '', '2021-01-18 17:13:29', '<p><br></p>', 2, 2341, NULL, NULL, NULL, '2021-01-18');
INSERT INTO `customer_telemarke_follow` VALUES (89, '', NULL, '', NULL, 2341, NULL, NULL, NULL, '2021-01-19');
INSERT INTO `customer_telemarke_follow` VALUES (90, '', '2021-01-19 18:02:00', '', NULL, 2341, '/DX/2341/upload/images/2021011918015647433.jpg', NULL, NULL, '2021-01-19');
INSERT INTO `customer_telemarke_follow` VALUES (91, '', '2021-01-19 00:00:00', '<p>12312</p>', 2, 2340, '/DX/2340/upload/images/2021011918030140096.jpg', NULL, NULL, '2021-01-19');
INSERT INTO `customer_telemarke_follow` VALUES (92, '', NULL, '', NULL, NULL, NULL, NULL, NULL, '2021-01-20');
INSERT INTO `customer_telemarke_follow` VALUES (93, '', NULL, NULL, NULL, NULL, NULL, NULL, NULL, '2021-01-20');
INSERT INTO `customer_telemarke_follow` VALUES (94, '', NULL, '', NULL, NULL, NULL, NULL, NULL, '2021-01-20');
INSERT INTO `customer_telemarke_follow` VALUES (95, '', NULL, '', NULL, 2363, NULL, NULL, NULL, '2021-01-20');
INSERT INTO `customer_telemarke_follow` VALUES (96, '', NULL, '', NULL, 2364, NULL, NULL, NULL, '2021-01-20');
INSERT INTO `customer_telemarke_follow` VALUES (97, '', '2021-01-26 00:00:00', '', 4, 2364, '/DX/WLtw2s2021012046975/upload/images/2021012017173742175.jpg', NULL, '/DX/WLtw2s2021012046975/upload/video/2021012017173262877.mp3', '2021-01-20');
INSERT INTO `customer_telemarke_follow` VALUES (98, '', NULL, '', NULL, 2359, NULL, NULL, NULL, '2021-01-22');
INSERT INTO `customer_telemarke_follow` VALUES (99, '', NULL, '', NULL, 2365, NULL, NULL, NULL, '2021-01-25');
INSERT INTO `customer_telemarke_follow` VALUES (100, '', NULL, '', NULL, 2365, NULL, NULL, NULL, '2021-01-25');
INSERT INTO `customer_telemarke_follow` VALUES (101, '', NULL, '', NULL, 2366, NULL, NULL, NULL, '2021-01-25');
INSERT INTO `customer_telemarke_follow` VALUES (102, '', NULL, '', NULL, 2366, NULL, NULL, NULL, '2021-01-25');
INSERT INTO `customer_telemarke_follow` VALUES (103, '', NULL, '', NULL, 2367, NULL, NULL, NULL, '2021-01-25');
INSERT INTO `customer_telemarke_follow` VALUES (104, '', NULL, '', NULL, 2367, NULL, NULL, NULL, '2021-01-25');
INSERT INTO `customer_telemarke_follow` VALUES (105, '', NULL, '', NULL, 2368, NULL, NULL, NULL, '2021-01-25');
INSERT INTO `customer_telemarke_follow` VALUES (106, '', NULL, '', NULL, 2368, NULL, NULL, NULL, '2021-01-25');
INSERT INTO `customer_telemarke_follow` VALUES (107, '', NULL, '', NULL, 2369, NULL, NULL, NULL, '2021-01-25');
INSERT INTO `customer_telemarke_follow` VALUES (108, '', NULL, '', NULL, 2369, NULL, NULL, NULL, '2021-01-25');
INSERT INTO `customer_telemarke_follow` VALUES (109, '', NULL, '', NULL, 2377, NULL, NULL, NULL, '2021-01-26');
INSERT INTO `customer_telemarke_follow` VALUES (110, '', NULL, '', NULL, 2377, NULL, NULL, NULL, '2021-01-26');
INSERT INTO `customer_telemarke_follow` VALUES (111, '', NULL, '', NULL, 2378, NULL, NULL, NULL, '2021-01-26');
INSERT INTO `customer_telemarke_follow` VALUES (112, '', NULL, 'sadasda', NULL, 2378, NULL, NULL, NULL, '2021-01-26');
INSERT INTO `customer_telemarke_follow` VALUES (113, '', NULL, '', NULL, NULL, NULL, NULL, NULL, '2021-01-28');
INSERT INTO `customer_telemarke_follow` VALUES (114, '', NULL, '', NULL, NULL, NULL, NULL, NULL, '2021-01-28');
INSERT INTO `customer_telemarke_follow` VALUES (115, '', NULL, '', NULL, 2377, NULL, NULL, NULL, '2021-01-28');
INSERT INTO `customer_telemarke_follow` VALUES (116, '', NULL, '', NULL, 2355, NULL, NULL, NULL, '2021-01-28');
INSERT INTO `customer_telemarke_follow` VALUES (117, '', NULL, '', NULL, 2377, NULL, NULL, NULL, '2021-01-29');

-- ----------------------------
-- Table structure for deal_order
-- ----------------------------
DROP TABLE IF EXISTS `deal_order`;
CREATE TABLE `deal_order`  (
  `id` int NOT NULL AUTO_INCREMENT,
  `name` varchar(50) CHARACTER SET utf8 COLLATE utf8_general_ci NULL DEFAULT NULL COMMENT '',
  `corporate_name` varchar(15) CHARACTER SET utf8 COLLATE utf8_general_ci NULL DEFAULT NULL COMMENT '',
  `corporate_phone` varchar(20) CHARACTER SET utf8 COLLATE utf8_general_ci NULL DEFAULT NULL COMMENT '',
  `create_time` date NULL DEFAULT NULL COMMENT '',
  `source` int NULL DEFAULT NULL COMMENT '12583456',
  `last_follow_name` varchar(15) CHARACTER SET utf8 COLLATE utf8_general_ci NULL DEFAULT NULL COMMENT '',
  `track_id` varchar(50) CHARACTER SET utf8 COLLATE utf8_general_ci NULL DEFAULT NULL COMMENT '',
  `order_state` int NULL DEFAULT NULL COMMENT '01',
  `recording_name` varchar(15) CHARACTER SET utf8 COLLATE utf8_general_ci NULL DEFAULT NULL COMMENT '',
  `deal_time` varchar(50) CHARACTER SET utf8 COLLATE utf8_general_ci NULL DEFAULT NULL COMMENT '',
  `contract_no` varchar(50) CHARACTER SET utf8 COLLATE utf8_general_ci NULL DEFAULT NULL COMMENT '',
  `conduct` varchar(50) CHARACTER SET utf8 COLLATE utf8_general_ci NULL DEFAULT NULL COMMENT '',
  `pay` decimal(20, 2) NULL DEFAULT NULL COMMENT '',
  `cost` decimal(20, 2) NULL DEFAULT NULL COMMENT '',
  PRIMARY KEY (`id`) USING BTREE
) ENGINE = InnoDB AUTO_INCREMENT = 50 CHARACTER SET = utf8 COLLATE = utf8_general_ci ROW_FORMAT = DYNAMIC;

-- ----------------------------
-- Records of deal_order
-- ----------------------------
INSERT INTO `deal_order` VALUES (43, '', '', '17620116556', '2021-01-18', NULL, '', 'WLS82111845326', 1, '123', '2021-01-19', '123456789', '', 123.00, 123.00);
INSERT INTO `deal_order` VALUES (44, '', '', '17588777785', '2021-01-19', NULL, '', 'WLnq2111933796', 0, NULL, NULL, NULL, NULL, NULL, NULL);
INSERT INTO `deal_order` VALUES (45, '', '', '17620116556', '2021-01-28', 3, '', NULL, 1, NULL, NULL, '165465756154', '', NULL, NULL);
INSERT INTO `deal_order` VALUES (46, '', '', '17620116556', '2021-01-28', 3, '', NULL, 1, NULL, NULL, '165465756154', '', NULL, NULL);
INSERT INTO `deal_order` VALUES (48, NULL, '', '17620116555', '2021-01-28', 1, '', NULL, 1, NULL, NULL, '13464615431', '', 134561.00, NULL);
INSERT INTO `deal_order` VALUES (49, NULL, '', '17620116555', '2021-01-28', 1, '', 'KZ4156467132464', 1, NULL, NULL, '13464615431', '', 134561.00, NULL);
INSERT INTO `deal_order` VALUES (51, NULL, '2123', '14777645453', '2021-01-29', NULL, '', NULL, 1, NULL, '2021-01-19', '1', '1', 1.00, NULL);
INSERT INTO `deal_order` VALUES (52, NULL, '2123', '14777645453', '2021-01-29', NULL, '', NULL, 1, NULL, '2021-01-19', '1', '1', 1000.00, NULL);
INSERT INTO `deal_order` VALUES (53, NULL, '2123', '14777645453', '2021-01-29', NULL, '', NULL, 1, NULL, '2021-01-19', '1', '1', 1000000.00, NULL);
INSERT INTO `deal_order` VALUES (54, NULL, '', '13055669987', '2021-01-29', 5, '', 'KZp4XZ2021012716721', 1, NULL, '2021-01-19', '1846', '46545', 20.00, NULL);

-- ----------------------------
-- Table structure for enterprise
-- ----------------------------
DROP TABLE IF EXISTS `enterprise`;
CREATE TABLE `enterprise`  (
  `id` int NOT NULL AUTO_INCREMENT,
  `source` bigint NULL DEFAULT NULL COMMENT '12583456',
  `corporate_name` varchar(30) CHARACTER SET utf8 COLLATE utf8_general_ci NULL DEFAULT NULL COMMENT '',
  `corporate_phone` varchar(20) CHARACTER SET utf8 COLLATE utf8_general_ci NULL DEFAULT NULL COMMENT '',
  `relation` varchar(20) CHARACTER SET utf8 COLLATE utf8_general_ci NULL DEFAULT NULL COMMENT '',
  `add_name` varchar(30) CHARACTER SET utf8 COLLATE utf8_general_ci NULL DEFAULT NULL COMMENT '',
  `add_time` date NULL DEFAULT NULL COMMENT '',
  `registered_capital` varchar(150) CHARACTER SET utf8 COLLATE utf8_general_ci NULL DEFAULT NULL COMMENT '',
  `establish_time` varchar(25) CHARACTER SET utf8 COLLATE utf8_general_ci NULL DEFAULT NULL COMMENT '',
  `address` varchar(150) CHARACTER SET utf8 COLLATE utf8_general_ci NULL DEFAULT NULL COMMENT '',
  `corporate_phone2` varchar(20) CHARACTER SET utf8 COLLATE utf8_general_ci NULL DEFAULT NULL COMMENT '2',
  `corporate_phone3` varchar(20) CHARACTER SET utf8 COLLATE utf8_general_ci NULL DEFAULT NULL COMMENT '3',
  `track_id` varchar(30) CHARACTER SET utf8 COLLATE utf8_general_ci NULL DEFAULT NULL COMMENT '',
  `name` varchar(50) CHARACTER SET utf8 COLLATE utf8_general_ci NULL DEFAULT NULL COMMENT '',
  PRIMARY KEY (`id`) USING BTREE
) ENGINE = InnoDB AUTO_INCREMENT = 12 CHARACTER SET = utf8 COLLATE = utf8_general_ci ROW_FORMAT = DYNAMIC;

-- ----------------------------
-- Records of enterprise
-- ----------------------------
INSERT INTO `enterprise` VALUES (6, 2, '', '17620116556', '', '', '2021-01-27', '100W', '2020-12-06', '', '17777104656', '17777102254', 'KZ12345679', '');
INSERT INTO `enterprise` VALUES (7, 2, '', '17620116557', '', '', '2021-01-27', '100W', '2020-12-06', '', '17777104656', '17777102254', 'KZ12345679', '');
INSERT INTO `enterprise` VALUES (9, 2, '', '17620116556', '', '', '2021-01-28', NULL, NULL, NULL, NULL, NULL, 'KZ12345679', '');
INSERT INTO `enterprise` VALUES (10, 2, '', '17620116556', '', '', '2021-01-28', NULL, NULL, NULL, '17866335569', '18276555545', 'KZ12345679', '');
INSERT INTO `enterprise` VALUES (11, 1, NULL, NULL, NULL, '', '2021-01-28', NULL, NULL, NULL, NULL, NULL, NULL, NULL);
INSERT INTO `enterprise` VALUES (12, 5, '', '13055669987', '111', '', '2021-01-29', NULL, NULL, NULL, NULL, NULL, 'KZp4XZ2021012716721', '5465');
INSERT INTO `enterprise` VALUES (13, 5, '', '13055669987', '', '', '2021-01-29', NULL, NULL, NULL, NULL, NULL, 'KZp4XZ2021012716721', '');
INSERT INTO `enterprise` VALUES (14, 5, '', '13055669987', '124', '', '2021-01-29', NULL, NULL, NULL, NULL, NULL, 'KZp4XZ2021012716721', '142');
INSERT INTO `enterprise` VALUES (15, 5, '', '13055669987', NULL, '', '2021-01-29', NULL, NULL, NULL, NULL, NULL, 'KZp4XZ2021012716721', NULL);
INSERT INTO `enterprise` VALUES (16, NULL, '2123', '14777645453', '1', '', '2021-01-29', NULL, NULL, NULL, NULL, NULL, NULL, '1');
INSERT INTO `enterprise` VALUES (17, NULL, '2123', '14777645453', '1', '', '2021-01-29', NULL, NULL, NULL, NULL, NULL, NULL, '1');

-- ----------------------------
-- Table structure for menu
-- ----------------------------
DROP TABLE IF EXISTS `menu`;
CREATE TABLE `menu`  (
  `id` int NOT NULL AUTO_INCREMENT,
  `label` varchar(100) CHARACTER SET utf8 COLLATE utf8_general_ci NULL DEFAULT NULL,
  `parentId` varchar(255) CHARACTER SET utf8 COLLATE utf8_general_ci NULL DEFAULT NULL,
  `url` varchar(100) CHARACTER SET utf8 COLLATE utf8_general_ci NULL DEFAULT NULL,
  `order` int NULL DEFAULT NULL,
  `icon` varchar(100) CHARACTER SET utf8 COLLATE utf8_general_ci NULL DEFAULT NULL,
  `branch` varchar(50) CHARACTER SET utf8 COLLATE utf8_general_ci NULL DEFAULT NULL,
  PRIMARY KEY (`id`) USING BTREE
) ENGINE = InnoDB AUTO_INCREMENT = 9 CHARACTER SET = utf8 COLLATE = utf8_general_ci ROW_FORMAT = COMPACT;

-- ----------------------------
-- Records of menu
-- ----------------------------
INSERT INTO `menu` VALUES (1, 'java', '0', '/user/userStatistics', 3, '&#xe6b8;', NULL);
INSERT INTO `menu` VALUES (2, '', '1', '/user/userStatistics', 2, '&#xe6b8;', NULL);
INSERT INTO `menu` VALUES (3, '', '1', '/user/userStatistics', 1, '&#xe6b8;', NULL);
INSERT INTO `menu` VALUES (4, '', '0', '/user/userStatistics', 1, '&#xe6b8;', NULL);
INSERT INTO `menu` VALUES (5, 'c', '4', '/user/userStatistics', 1, '&#xe6b8;', NULL);
INSERT INTO `menu` VALUES (6, '', '0', '#', 1, '&#xe6ae;', NULL);
INSERT INTO `menu` VALUES (7, '', '6', '/user/userList', 1, NULL, NULL);
INSERT INTO `menu` VALUES (8, '', '6', '/menu/menuList', 1, NULL, NULL);

-- ----------------------------
-- Table structure for permission
-- ----------------------------
DROP TABLE IF EXISTS `permission`;
CREATE TABLE `permission`  (
  `id` int NOT NULL AUTO_INCREMENT COMMENT '',
  `permissionname` varchar(50) CHARACTER SET utf8 COLLATE utf8_general_ci NOT NULL COMMENT '',
  `remarks` varchar(100) CHARACTER SET utf8 COLLATE utf8_general_ci NULL DEFAULT NULL COMMENT '',
  PRIMARY KEY (`id`) USING BTREE
) ENGINE = InnoDB AUTO_INCREMENT = 7 CHARACTER SET = utf8 COLLATE = utf8_general_ci ROW_FORMAT = COMPACT;

-- ----------------------------
-- Records of permission
-- ----------------------------
INSERT INTO `permission` VALUES (1, 'user:del:', NULL);
INSERT INTO `permission` VALUES (2, 'user:view:', NULL);
INSERT INTO `permission` VALUES (3, 'user:add:', NULL);
INSERT INTO `permission` VALUES (4, 'distribute:add:', NULL);
INSERT INTO `permission` VALUES (5, 'distribute:del:', NULL);
INSERT INTO `permission` VALUES (6, 'distribute:update:', NULL);

-- ----------------------------
-- Table structure for role
-- ----------------------------
DROP TABLE IF EXISTS `role`;
CREATE TABLE `role`  (
  `id` int NOT NULL COMMENT '',
  `rolename` varchar(20) CHARACTER SET utf8 COLLATE utf8_general_ci NULL DEFAULT NULL COMMENT '',
  `remarks` varchar(100) CHARACTER SET utf8 COLLATE utf8_general_ci NULL DEFAULT NULL COMMENT '',
  `leader` int NULL DEFAULT NULL COMMENT '',
  `department` varchar(30) CHARACTER SET utf8 COLLATE utf8_general_ci NULL DEFAULT NULL COMMENT '',
  `branch` varchar(30) CHARACTER SET utf8 COLLATE utf8_general_ci NULL DEFAULT NULL COMMENT '',
  `group` varchar(30) CHARACTER SET utf8 COLLATE utf8_general_ci NULL DEFAULT NULL COMMENT '',
  PRIMARY KEY (`id`) USING BTREE
) ENGINE = InnoDB CHARACTER SET = utf8 COLLATE = utf8_general_ci ROW_FORMAT = COMPACT;

-- ----------------------------
-- Records of role
-- ----------------------------
INSERT INTO `role` VALUES (1, '', NULL, NULL, NULL, NULL, NULL);
INSERT INTO `role` VALUES (2, '', NULL, NULL, NULL, NULL, NULL);
INSERT INTO `role` VALUES (3, '', NULL, NULL, NULL, NULL, NULL);
INSERT INTO `role` VALUES (4, '', NULL, 0, NULL, '', NULL);
INSERT INTO `role` VALUES (5, '', NULL, NULL, NULL, '', NULL);
INSERT INTO `role` VALUES (6, '', NULL, 4, NULL, '', NULL);
INSERT INTO `role` VALUES (7, '', NULL, 5, NULL, '', NULL);
INSERT INTO `role` VALUES (8, '', NULL, 4, '', '', '');
INSERT INTO `role` VALUES (9, '', NULL, 8, '', '', '');
INSERT INTO `role` VALUES (10, '', NULL, 4, '', '', '');
INSERT INTO `role` VALUES (11, '', NULL, 10, '', '', '');
INSERT INTO `role` VALUES (12, '', NULL, NULL, '', '', NULL);
INSERT INTO `role` VALUES (13, '', NULL, NULL, '', '', '');
INSERT INTO `role` VALUES (14, '', NULL, 13, '', '', '');

-- ----------------------------
-- Table structure for role_menu
-- ----------------------------
DROP TABLE IF EXISTS `role_menu`;
CREATE TABLE `role_menu`  (
  `id` int NOT NULL AUTO_INCREMENT,
  `role_id` int NULL DEFAULT NULL,
  `menu_id` int NULL DEFAULT NULL,
  `status` int NULL DEFAULT NULL,
  PRIMARY KEY (`id`) USING BTREE
) ENGINE = InnoDB AUTO_INCREMENT = 10 CHARACTER SET = utf8 COLLATE = utf8_general_ci ROW_FORMAT = COMPACT;

-- ----------------------------
-- Records of role_menu
-- ----------------------------
INSERT INTO `role_menu` VALUES (1, 3, 1, 1);
INSERT INTO `role_menu` VALUES (2, 3, 2, 1);
INSERT INTO `role_menu` VALUES (3, 3, 3, 1);
INSERT INTO `role_menu` VALUES (4, 3, 4, 1);
INSERT INTO `role_menu` VALUES (5, 3, 5, 1);
INSERT INTO `role_menu` VALUES (6, 3, 6, 1);
INSERT INTO `role_menu` VALUES (7, 3, 7, 1);
INSERT INTO `role_menu` VALUES (8, 3, 8, 1);
INSERT INTO `role_menu` VALUES (9, 3, 9, 1);

-- ----------------------------
-- Table structure for role_permission
-- ----------------------------
DROP TABLE IF EXISTS `role_permission`;
CREATE TABLE `role_permission`  (
  `id` int NOT NULL AUTO_INCREMENT COMMENT '',
  `roleid` int NOT NULL COMMENT 'id',
  `permissionid` int NOT NULL COMMENT 'id',
  PRIMARY KEY (`id`) USING BTREE
) ENGINE = InnoDB AUTO_INCREMENT = 8 CHARACTER SET = utf8 COLLATE = utf8_general_ci ROW_FORMAT = COMPACT;

-- ----------------------------
-- Records of role_permission
-- ----------------------------
INSERT INTO `role_permission` VALUES (1, 1, 1);
INSERT INTO `role_permission` VALUES (2, 1, 2);
INSERT INTO `role_permission` VALUES (3, 2, 1);
INSERT INTO `role_permission` VALUES (4, 2, 3);
INSERT INTO `role_permission` VALUES (5, 2, 4);
INSERT INTO `role_permission` VALUES (6, 2, 5);
INSERT INTO `role_permission` VALUES (7, 2, 6);

-- ----------------------------
-- Table structure for sys_log
-- ----------------------------
DROP TABLE IF EXISTS `sys_log`;
CREATE TABLE `sys_log`  (
  `optId` int NOT NULL,
  `loginId` int NULL DEFAULT NULL,
  `loginName` varchar(255) CHARACTER SET utf8 COLLATE utf8_general_ci NULL DEFAULT NULL,
  `ipAddress` varchar(255) CHARACTER SET utf8 COLLATE utf8_general_ci NULL DEFAULT NULL,
  `methodName` varchar(255) CHARACTER SET utf8 COLLATE utf8_general_ci NULL DEFAULT NULL,
  `methodRemark` varchar(255) CHARACTER SET utf8 COLLATE utf8_general_ci NULL DEFAULT NULL,
  `operatingcontent` varchar(255) CHARACTER SET utf8 COLLATE utf8_general_ci NULL DEFAULT NULL,
  `optDate` datetime(0) NULL DEFAULT NULL,
  `serchCondition` varchar(255) CHARACTER SET utf8 COLLATE utf8_general_ci NULL DEFAULT NULL,
  PRIMARY KEY (`optId`) USING BTREE
) ENGINE = InnoDB CHARACTER SET = utf8 COLLATE = utf8_general_ci ROW_FORMAT = COMPACT;

-- ----------------------------
-- Records of sys_log
-- ----------------------------

-- ----------------------------
-- Table structure for sys_menu
-- ----------------------------
DROP TABLE IF EXISTS `sys_menu`;
CREATE TABLE `sys_menu`  (
  `menuId` int NULL DEFAULT NULL,
  `parentId` int NULL DEFAULT NULL,
  `resourceDesc` varchar(30) CHARACTER SET utf8 COLLATE utf8_general_ci NULL DEFAULT NULL,
  `resourceName` varchar(50) CHARACTER SET utf8 COLLATE utf8_general_ci NULL DEFAULT NULL,
  `resourceString` varchar(50) CHARACTER SET utf8 COLLATE utf8_general_ci NULL DEFAULT NULL,
  `resourceType` varchar(50) CHARACTER SET utf8 COLLATE utf8_general_ci NULL DEFAULT NULL,
  `resourceTypeName` varchar(50) CHARACTER SET utf8 COLLATE utf8_general_ci NULL DEFAULT NULL
) ENGINE = InnoDB CHARACTER SET = utf8 COLLATE = utf8_general_ci ROW_FORMAT = COMPACT;

-- ----------------------------
-- Records of sys_menu
-- ----------------------------
INSERT INTO `sys_menu` VALUES (300, -1, '', NULL, NULL, 'route', NULL);
INSERT INTO `sys_menu` VALUES (301, 300, '', '/home', '/home', 'route', NULL);
INSERT INTO `sys_menu` VALUES (302, 300, '', '/airForce', '/airForce', 'route', NULL);
INSERT INTO `sys_menu` VALUES (303, 302, '', '/airForce/already', '/airForce/already', 'route', NULL);
INSERT INTO `sys_menu` VALUES (304, 302, '', '/airForce/landForce', '/airForce/landForce', 'route', NULL);
INSERT INTO `sys_menu` VALUES (305, 302, '', '/airForce/cashier', '/airForce/cashier', 'route', NULL);
INSERT INTO `sys_menu` VALUES (306, 300, '', '/MyCustomer', '/MyCustomer', 'route', NULL);
INSERT INTO `sys_menu` VALUES (307, 306, '', '/MyCustomer/MyAirForce', '/MyCustomer/MyAirForce', 'route', NULL);
INSERT INTO `sys_menu` VALUES (308, 306, '', '/MyCustomer/MyLandForce', '/MyCustomer/MyLandForce', 'route', NULL);

-- ----------------------------
-- Table structure for syslog
-- ----------------------------
DROP TABLE IF EXISTS `syslog`;
CREATE TABLE `syslog`  (
  `optId` int NOT NULL,
  `loginId` int NULL DEFAULT NULL,
  `loginName` varchar(255) CHARACTER SET utf8 COLLATE utf8_general_ci NULL DEFAULT NULL,
  `ipAddress` varchar(255) CHARACTER SET utf8 COLLATE utf8_general_ci NULL DEFAULT NULL,
  `methodName` varchar(255) CHARACTER SET utf8 COLLATE utf8_general_ci NULL DEFAULT NULL,
  `methodRemark` varchar(255) CHARACTER SET utf8 COLLATE utf8_general_ci NULL DEFAULT NULL,
  `operatingcontent` varchar(255) CHARACTER SET utf8 COLLATE utf8_general_ci NULL DEFAULT NULL,
  `optDate` datetime(0) NULL DEFAULT NULL,
  `serchCondition` varchar(255) CHARACTER SET utf8 COLLATE utf8_general_ci NULL DEFAULT NULL,
  PRIMARY KEY (`optId`) USING BTREE
) ENGINE = InnoDB CHARACTER SET = utf8 COLLATE = utf8_general_ci ROW_FORMAT = COMPACT;

-- ----------------------------
-- Records of syslog
-- ----------------------------

-- ----------------------------
-- Table structure for user
-- ----------------------------
DROP TABLE IF EXISTS `user`;
CREATE TABLE `user`  (
  `id` int NOT NULL AUTO_INCREMENT COMMENT '',
  `username` varchar(50) CHARACTER SET utf8 COLLATE utf8_general_ci NOT NULL COMMENT '',
  `password` varchar(50) CHARACTER SET utf8 COLLATE utf8_general_ci NOT NULL COMMENT '',
  `name` varchar(50) CHARACTER SET utf8 COLLATE utf8_general_ci NULL DEFAULT NULL COMMENT '',
  `remarks` varchar(500) CHARACTER SET utf8 COLLATE utf8_general_ci NULL DEFAULT NULL COMMENT '',
  `state` int NULL DEFAULT NULL COMMENT '1,0',
  `addtime` varchar(20) CHARACTER SET utf8 COLLATE utf8_general_ci NULL DEFAULT NULL COMMENT '',
  `salt` varchar(200) CHARACTER SET utf8 COLLATE utf8_general_ci NULL DEFAULT NULL COMMENT '',
  PRIMARY KEY (`id`) USING BTREE
) ENGINE = InnoDB AUTO_INCREMENT = 25 CHARACTER SET = utf8 COLLATE = utf8_general_ci ROW_FORMAT = COMPACT;

-- ----------------------------
-- Records of user
-- ----------------------------
INSERT INTO `user` VALUES (14, 'wangfei', 'd34c8961711c0d11918ac6987e294248', '', '', 0, '2020-12-21', 'rJBBjol4z50ttBx394oLWJTi');
INSERT INTO `user` VALUES (15, 'zsf', '27e0068b2956ff3c75da840e249bd4fb', '', '', 0, '2020-12-21', '8ZClDirmcNpiQeetqGRuwq6U');
INSERT INTO `user` VALUES (16, 'zds', '2a98ab76961655f1b293244cf9e4fd99', '', '', 0, '2020-12-25', 'MnGUkmynjBdG4BrZGrRvFlTo');
INSERT INTO `user` VALUES (17, 'zl', '9faf3fd270129770b6bad39fffc666cb', '', '', 0, '2021-01-07', 'lDDzeZsSfVZsJSvkVXVJLhZw');
INSERT INTO `user` VALUES (18, 'xuwei', 'c7d6d09254180502d1a73a9bc14fe476', '', '', 0, '2021-01-07', 'GSKHDpRuFYY3ZznXrOMJpPE1');
INSERT INTO `user` VALUES (19, 'lihua', 'b3803f480db22d02ca3cb03768170ef7', '', '', 0, '2021-01-08', 'KWVhdyGeXAt1kafVyJEKBNq0');
INSERT INTO `user` VALUES (20, 'cz', '1cd00b5a2d03bcabd6c702d8da69e1da', '', '', 0, '2021-01-08', 'oLBXzHuBZehmAnOy8wMwjhtX');
INSERT INTO `user` VALUES (21, 'user', '4751db94ca363e02ebd44ca1e0bb9b64', '', '', 0, '2021-01-11', 'LWr38AmexkI84mN6M1vM2jsf');
INSERT INTO `user` VALUES (22, 'liwei', '1571b9df0abe07483d761d8b4158693f', '', '', 0, '2021-01-16', 'Y5wi5zM9igZ2H5fW0XAPWKwP');
INSERT INTO `user` VALUES (23, 'huangshi', '79ce7816df0f99252b3a9fa2cc9266e6', '', '', 0, '2021-01-16', 'Qr8Igov1fyZOBha00RjWuuDM');
INSERT INTO `user` VALUES (24, 'zhangl', '7338e0f176d62bccda853482d85d4108', '', '', 0, '2021-01-16', 'L35jL6lmt5bavTODJBtzZmi9');

-- ----------------------------
-- Table structure for user_role
-- ----------------------------
DROP TABLE IF EXISTS `user_role`;
CREATE TABLE `user_role`  (
  `id` int NOT NULL AUTO_INCREMENT COMMENT '',
  `userid` int NOT NULL COMMENT 'id',
  `roleid` int NOT NULL COMMENT 'id',
  PRIMARY KEY (`id`) USING BTREE
) ENGINE = InnoDB AUTO_INCREMENT = 21 CHARACTER SET = utf8 COLLATE = utf8_general_ci ROW_FORMAT = COMPACT;

-- ----------------------------
-- Records of user_role
-- ----------------------------
INSERT INTO `user_role` VALUES (1, 14, 3);
INSERT INTO `user_role` VALUES (2, 15, 2);
INSERT INTO `user_role` VALUES (3, 16, 3);
INSERT INTO `user_role` VALUES (4, 17, 10);
INSERT INTO `user_role` VALUES (5, 18, 12);
INSERT INTO `user_role` VALUES (6, 19, 11);
INSERT INTO `user_role` VALUES (7, 21, 0);
INSERT INTO `user_role` VALUES (8, 20, 11);
INSERT INTO `user_role` VALUES (9, 22, 13);
INSERT INTO `user_role` VALUES (10, 23, 9);
INSERT INTO `user_role` VALUES (11, 24, 11);
INSERT INTO `user_role` VALUES (12, 14, 2);

SET FOREIGN_KEY_CHECKS = 1;
